university_id,university,state,programme,duration,specialisations,total_fee_rupees
"choudhary-charan-singh-university-online","Choudhary Charan Singh University","UTTAR PRADESH","MBA","2 Years","2",""
"choudhary-charan-singh-university-online","Choudhary Charan Singh University","UTTAR PRADESH","MCA","2 Years","1",""
"choudhary-charan-singh-university-online","Choudhary Charan Singh University","UTTAR PRADESH","BBA","3 Years","1",""
"choudhary-charan-singh-university-online","Choudhary Charan Singh University","UTTAR PRADESH","BA","3 Years","13",""
"choudhary-charan-singh-university-online","Choudhary Charan Singh University","UTTAR PRADESH","M.Com","2 Years","1",""
"choudhary-charan-singh-university-online","Choudhary Charan Singh University","UTTAR PRADESH","MA","2 Years","6",""
"pt-sundarlal-sharma-open-university-online","Pt. Sundarlal Sharma (Open) University","CHHATTISGARH","MBA","2 Years","1",""
"pt-sundarlal-sharma-open-university-online","Pt. Sundarlal Sharma (Open) University","CHHATTISGARH","MA","2 Years","6",""
"pt-sundarlal-sharma-open-university-online","Pt. Sundarlal Sharma (Open) University","CHHATTISGARH","M.Com","2 Years","1",""
"pt-sundarlal-sharma-open-university-online","Pt. Sundarlal Sharma (Open) University","CHHATTISGARH","MSc","2 Years","1",""
"pt-sundarlal-sharma-open-university-online","Pt. Sundarlal Sharma (Open) University","CHHATTISGARH","BA","3 Years","3",""
"reva-university-online","REVA University","KARNATAKA","MBA","2 Years","6",""
"reva-university-online","REVA University","KARNATAKA","MCA","2 Years","1",""
"reva-university-online","REVA University","KARNATAKA","BBA","3 Years","1",""
"reva-university-online","REVA University","KARNATAKA","BCA","3 Years","1",""
"university-of-calicut-online","University of Calicut","KERALA","MBA","2 Years","1",""
"university-of-calicut-online","University of Calicut","KERALA","M.Com","2 Years","1",""
"university-of-calicut-online","University of Calicut","KERALA","MA","2 Years","5",""
"university-of-calicut-online","University of Calicut","KERALA","BA","4 Years","2",""
"dr-br-ambedkar-university-online","Dr. B.R. Ambedkar University","UTTAR PRADESH","MBA","2 Years","2",""
"dr-br-ambedkar-university-online","Dr. B.R. Ambedkar University","UTTAR PRADESH","MCA","2 Years","1",""
"dr-br-ambedkar-university-online","Dr. B.R. Ambedkar University","UTTAR PRADESH","BBA","3 Years","1",""
"dr-br-ambedkar-university-online","Dr. B.R. Ambedkar University","UTTAR PRADESH","BCA","3 Years","1",""
"dr-br-ambedkar-university-online","Dr. B.R. Ambedkar University","UTTAR PRADESH","B.Com","3 Years","1",""
"dr-br-ambedkar-university-online","Dr. B.R. Ambedkar University","UTTAR PRADESH","M.Com","2 Years","1",""
"dr-br-ambedkar-university-online","Dr. B.R. Ambedkar University","UTTAR PRADESH","MA","2 Years","1",""
"mohan-babu-university-online","Mohan Babu University","ANDHRA PRADESH","MBA","2 Years","1",""
"mohan-babu-university-online","Mohan Babu University","ANDHRA PRADESH","MCA","2 Years","1",""
"mohan-babu-university-online","Mohan Babu University","ANDHRA PRADESH","BBA","3 Years","1",""
"mohan-babu-university-online","Mohan Babu University","ANDHRA PRADESH","BCA","3 Years","1",""
"mohan-babu-university-online","Mohan Babu University","ANDHRA PRADESH","B.Com","3 Years","1",""
"sri-venkateswara-university-online","Sri Venkateswara University","ANDHRA PRADESH","MBA","2 Years","1",""
"sri-venkateswara-university-online","Sri Venkateswara University","ANDHRA PRADESH","MCA","2 Years","1",""
"sri-venkateswara-university-online","Sri Venkateswara University","ANDHRA PRADESH","M.Com","2 Years","1",""
"sri-venkateswara-university-online","Sri Venkateswara University","ANDHRA PRADESH","MA","2 Years","2",""
"swami-rama-himalayan-university-online","Swami Rama Himalayan University","UTTARAKHAND","MBA","2 Years","1",""
"swami-rama-himalayan-university-online","Swami Rama Himalayan University","UTTARAKHAND","MCA","2 Years","1",""
"swami-rama-himalayan-university-online","Swami Rama Himalayan University","UTTARAKHAND","BBA","4 Years","1",""
"swami-rama-himalayan-university-online","Swami Rama Himalayan University","UTTARAKHAND","BCA","4 Years","1",""
"swami-rama-himalayan-university-online","Swami Rama Himalayan University","UTTARAKHAND","B.Com","4 Years","1",""
"central-university-tamil-nadu-online","Central University of Tamil Nadu","TAMIL NADU","MBA","2 Years","1",""
"central-university-tamil-nadu-online","Central University of Tamil Nadu","TAMIL NADU","M.Com","2 Years","1",""
"central-university-tamil-nadu-online","Central University of Tamil Nadu","TAMIL NADU","MA","2 Years","2",""
"ajeenkya-dy-patil-university-online","Ajeenkya D.Y. Patil University","MAHARASHTRA","MBA","2 Years","1",""
"ajeenkya-dy-patil-university-online","Ajeenkya D.Y. Patil University","MAHARASHTRA","MCA","2 Years","1",""
"ajeenkya-dy-patil-university-online","Ajeenkya D.Y. Patil University","MAHARASHTRA","BBA","3 Years","1",""
"ajeenkya-dy-patil-university-online","Ajeenkya D.Y. Patil University","MAHARASHTRA","BCA","3 Years","1",""
"dr-br-ambedkar-open-university-online","Dr. B.R. Ambedkar Open University","TELANGANA","M.Com","2 Years","1",""
"dr-br-ambedkar-open-university-online","Dr. B.R. Ambedkar Open University","TELANGANA","MA","2 Years","1",""
"dr-br-ambedkar-open-university-online","Dr. B.R. Ambedkar Open University","TELANGANA","B.Com","3 Years","2",""
"silver-oak-university-online","Silver Oak University","GUJARAT","MBA","2 Years","1",""
"silver-oak-university-online","Silver Oak University","GUJARAT","MCA","2 Years","1",""
"silver-oak-university-online","Silver Oak University","GUJARAT","BBA","3 Years","1",""
"silver-oak-university-online","Silver Oak University","GUJARAT","BCA","3 Years","1",""
"silver-oak-university-online","Silver Oak University","GUJARAT","M.Com","2 Years","1",""
"silver-oak-university-online","Silver Oak University","GUJARAT","MA","2 Years","1",""
"srinivas-university-online","Srinivas University","KARNATAKA","MBA","2 Years","1",""
"srinivas-university-online","Srinivas University","KARNATAKA","MCA","2 Years","1",""
"srinivas-university-online","Srinivas University","KARNATAKA","BBA","4 Years","1",""
"srinivas-university-online","Srinivas University","KARNATAKA","BCA","4 Years","1",""
"srinivas-university-online","Srinivas University","KARNATAKA","B.Com","4 Years","1",""
"st-aloysius-university-online","St Aloysius (Deemed to be University)","KARNATAKA","MBA","2 Years","1",""
"st-aloysius-university-online","St Aloysius (Deemed to be University)","KARNATAKA","MCA","2 Years","1",""
"st-aloysius-university-online","St Aloysius (Deemed to be University)","KARNATAKA","M.Com","2 Years","1",""
"bennett-university-online","Bennett University","UTTAR PRADESH","MBA","2 Years","1",""
"bennett-university-online","Bennett University","UTTAR PRADESH","BBA","3 Years","1",""
"sandip-university-online","Sandip University","MAHARASHTRA","MBA","2 Years","1",""
"sandip-university-online","Sandip University","MAHARASHTRA","BBA","3 Years","1",""
"atlas-skilltech-university-online","Atlas SkillTech University","MAHARASHTRA","MBA","2 Years","1",""
"atlas-skilltech-university-online","Atlas SkillTech University","MAHARASHTRA","BBA","3 Years","1",""
"sri-siddhartha-academy-online","Sri Siddhartha Academy of Higher Education","KARNATAKA","MCA","2 Years","1",""
"saveetha-university-online","Saveetha Institute of Medical and Technical Sciences","TAMIL NADU","B.Com","3 Years","1",""
"bml-munjal-university-online","BML Munjal University","HARYANA","MBA","2 Years","1",""
