id,name,state,on_new_list,ugc_source,ugc_name,offered,ugc_entitled,unbacked,site_claims_ugc_deb
"jain-university-online","JAIN (Deemed-to-be University) Online","Karnataka","YES","main #34","JAIN (DEEMED-TO-BE UNIVERSITY","BBA BCA M.Com MA MBA MCA","B.Com BBA BCA M.Com MA MBA MCA","","YES"
"amity-university-online","Amity University Online","Uttar Pradesh","YES","main #103 + addendum #15","AMITY UNIVERSITY | AMITY UNIVERSITY","B.Com BBA BCA MBA MCA","B.Com BA BBA BCA M.Com MA MBA MCA","","YES"
"lovely-professional-university-online","Lovely Professional University Online","Punjab 144411","YES","main #66","LOVELY PROFESSIONAL UNIVERSITY","BA BBA BCA M.Com MA MBA MCA MSc","BA BBA BCA M.Com MA MBA MCA MSc","","YES"
"dayananda-sagar-university-online","Dayananda Sagar University Online","Karnataka","YES","main #44","DAYANAND SAGAR UNIVERSITY","B.Com BBA BCA MBA MCA","B.Com BBA BCA MBA MCA","","YES"
"dy-patil-university-online","D.Y. Patil University, Navi Mumbai Online","Maharashtra 400706","YES","main #53","D.Y. PATIL (NAVI MUMBAI","BBA BCA MBA","BBA BCA MBA MCA","","YES"
"upes-online","University of Petroleum & Energy Studies (UPES) Online","Uttarakhand","YES","main #120","UNIVERSITY OF PETROLEUM AND ENERGY STUDIES","BBA BCA MBA MCA","B.Com BBA BCA MBA MCA","","YES"
"parul-university-online","Parul University Online","Gujarat","YES","main #19","PARUL UNIVERSITY","B.Com BA BBA BCA M.Com MA MBA MCA","BA BBA BCA M.Com MA MBA MCA MSc","B.Com","YES"
"amrita-vishwa-vidyapeetham-online","Amrita Vishwa Vidyapeetham Online","Online","YES","main #89","AMRITA VISHWA VIDYAPEETHAM UNIVERSITY","B.Com BBA BCA M.Com MBA MCA","B.Com BBA BCA M.Com MA MBA MCA MSc","","YES"
"mangalayatan-university-online","Mangalayatan University Online","Uttar Pradesh","YES","main #107","MANGALAYATAN UNIVERSITY","BA BBA BCA M.Com MBA MCA MSc","BBA BCA M.Com MA MBA MCA MSc","BA","YES"
"shoolini-university-online","Shoolini University Online","Himachal Pradesh 173229","YES","main #30","SHOOLINI UNIVERSITY OF BIOTECHNOLOGY AND MANAGEMENT SCIENCES","B.Com BBA BCA MA MBA MCA MSc","B.Com BBA BCA MA MBA MCA MSc","","YES"
"manipal-university-jaipur-online","Manipal University Jaipur (MUJ) Online","Rajasthan","YES","main #70","MANIPAL UNIVERSITY","B.Com BBA BCA M.Com MA MBA MCA MSc","B.Com BBA BCA M.Com MA MBA MCA MSc","","YES"
"galgotias-university-online","Galgotias University Online","Uttar Pradesh","YES","main #115","GALGOTIAS UNIVERSITY","BBA BCA M.Com MA MBA MCA","BBA BCA M.Com MA MBA MCA","","YES"
"sikkim-manipal-university-online","Sikkim Manipal University Online","Sikkim","YES","main #76","SIKKIM MANIPAL UNIVERSITY","B.Com BA BBA M.Com MA MBA MCA","B.Com BA BBA M.Com MA MBA MCA","","YES"
"symbiosis-university-online","Symbiosis School for Online and Digital Learning (SSODL), Pune Online","Maharashtra","YES","main #54","SYMBIOSIS INTERNATIONAL","BBA BCA BSc MA MBA MSc","BBA BCA BSc MA MBA MSc","","YES"
"chitkara-university-online","Chitkara University Online","Punjab","YES","main #65","CHITKARA UNIVERSITY","BBA MBA","BBA BCA MBA MCA","","YES"
"yenepoya-university-online","Yenepoya (Deemed to be University) Online","Karnataka","YES","main #40","YENEPOYA","B.Com BBA BCA MBA MCA","B.Com BBA BCA MBA MCA","","YES"
"sharda-university-online","Sharda University Online","Uttar Pradesh","YES","main #106","SHARDA UNIVERSITY","BA BBA BCA M.Com MBA MCA","BA BBA BCA M.Com MA MBA MCA","","YES"
"vignan-university-online","Vignan's Foundation for Science, Technology & Research Online","Andhra Pradesh","YES","main #3","VIGNAN'S FOUNDATION FOR SCIENCE, TECHNOLOGY AND RESEARCH","BBA BCA MBA MCA","BBA BCA MBA MCA MSc","","YES"
"manonmaniam-sundaranar-university-online","Manonmaniam Sundaranar University Online","Tamil Nadu","YES","main #93","MANONMANIAM SUNDARANAR UNIVERSITY","B.Com BA BBA M.Com MA MBA","B.Com BA BBA M.Com MA MBA","","YES"
"nmims-online","NMIMS (Narsee Monjee Institute of Management Studies) Online","Maharashtra","YES","main #58","NARSEE MONJEE INSTITUTE Of MANAGEMENT","B.Com BBA MBA","B.Com BBA MBA","","YES"
"manipal-academy-higher-education-online","Manipal Academy of Higher Education (MAHE) Online","Karnataka","YES","main #36","MANIPAL ACADEMY OF HIGHER EDUCATION","B.Com BBA MBA MCA MSc","B.Com BBA BSc MBA MCA MSc","","YES"
"kl-university-online","Koneru Lakshmaiah Education Foundation (KL University) Online","Andhra Pradesh","YES","main #2","KONERU LAKSHMAIAH EDUCATION FOUNDATION","BBA BCA MBA MCA","BBA BCA MBA MCA","","YES"
"chandigarh-university-online","Chandigarh University Online","Punjab 140413","YES","main #64","CHANDIGARH UNIVERSITY","BBA BCA MA MBA MCA MSc","BA BBA BCA MA MBA MCA MSc","","YES"
"vtu-online","Visvesvaraya Technological University (VTU) Online","Online","YES","main #41","VISVESWARAIAH TECHNOLOGICAL UNIVERSITY","BBA BCA MBA MCA","BBA BCA MBA MCA","","YES"
"integral-university-online","Integral University Online","Uttar Pradesh","YES","main #109","INTEGRAL UNIVERSITY","B.Com BA BCA M.Com MA MBA MCA MSc","B.Com BA BCA M.Com MA MBA MCA MSc","","YES"
"manav-rachna-online","Manav Rachna Online","Online","YES","main #28 + addendum #7","MANAV RACHNA INTERNATIONAL INSTITUTE OF RESEARCH & STUDIES | MANAV RACHNA INTERNATIONA L INSTITUTE OF RESEARCH & STUDIES","B.Com BA BBA BCA M.Com MA MBA MCA","BA BBA BCA M.Com MA MBA MCA","B.Com","YES"
"karnataka-state-open-university-online","Karnataka State Open University (KSOU) Online","Online","YES","main #42","KARNATAKA STATE OPEN UNIVERSITY","B.Com BA BBA BCA M.Com MA MBA MCA","B.Com BA M.Com MA MBA MSc","BBA BCA MCA","YES"
"bharathidasan-university-online","Bharathidasan University Online","Tamil Nadu","YES","main #78","BHARATHIDASAN UNIVERSITY","BA BBA MA MBA","BA BBA MA MBA","","YES"
"hindustan-institute-technology-online","Hindustan Institute of Technology and Science (CODE) Online","Tamil Nadu","YES","main #94","HINDUSTAN INSTITUTE OF TECHNOLOGY AND SCIENCE (HITS","B.Com BBA BCA MBA MCA","B.Com BBA BCA MBA MCA","","YES"
"guru-ghasidas-vishwavidyalaya-online","Guru Ghasidas Vishwavidyalaya (GGU) Online","Online","YES","main #7","GURU GHASIDAS VISHWAVIDYALAYA","B.Com BCA M.Com MA MBA MCA","B.Com BCA M.Com MA MBA MCA","","YES"
"dr-babasaheb-ambedkar-open-university-online","Dr. Babasaheb Ambedkar Open University Online","Online","YES","main #18","DR. BABASAHEB AMBEDKAR OPEN UNIVERSITY","B.Com BCA M.Com MA MBA MCA","B.Com BA BCA M.Com MA MCA","MBA","YES"
"marwadi-university-online","Marwadi University Online","Online","YES","main #20","MARWADI UNIVERSITY","B.Com BBA BCA MA MBA MCA MSc","B.Com BBA BCA MA MBA MCA MSc","","YES"
"pp-savani-university-online","P P Savani University Online","Online","YES","main #23","P.P. SAVANI UNIVERSITY","BBA BCA M.Com MA MBA MSc","BBA BCA M.Com MA MBA MSc","","YES"
"university-of-mysore-online","University of Mysore Online","Online","YES","main #39","UNIVERSITY OF MYSORE","B.Com BBA BCA M.Com MBA MCA","B.Com BBA BCA M.Com MBA MCA","","YES"
"aligarh-muslim-university-online","Aligarh Muslim University Online","Uttar Pradesh","YES","main #102","ALIGARH MUSLIM UNIVERSITY","B.Com BA M.Com MA MBA","B.Com BA M.Com MA MBA","","YES"
"gujarat-university-online","Gujarat University Online","Online","YES","main #16","GUJARAT UNIVERSITY","B.Com BA BCA M.Com MA MSc","B.Com BA BCA M.Com MA MSc","","YES"
"charusat-university-online","CHARUSAT (Charotar University of Science and Online","Online","YES","main #17","CHAROTAR UNIVERSITY OF SCIENCE & TECHNOLOGY","BBA BCA MBA MCA","BBA BCA MBA MCA","","YES"
"gls-university-online","GLS University Online","Online","YES","main #22","G.L.S. UNIVERSITY","B.Com BBA BCA M.Com MBA MCA","B.Com BBA M.Com MBA MCA","BCA","YES"
"maharishi-markandeshwar-university-online","Maharishi Markandeshwar (Deemed to be University) Online","Online","YES","main #27","MAHARISHI MARKANDESHWAR","B.Com BBA BCA MBA MCA MSc","B.Com BBA BCA MBA MCA MSc","","YES"
"mizoram-university-online","Mizoram University (MZU) Online","Mizoram","YES","main #61","MIZORAM UNIVERSITY","MA MBA","B.Com BA BBA MA MBA","","YES"
"vivekananda-global-university-online","Vivekananda Global University Online","Rajasthan","YES","main #71","VIVEKANANDA GLOBAL UNIVERSITY","BA BBA BCA MA MBA MCA MSc","BA BBA BCA MA MBA MCA MSc","","YES"
"dr-mgr-educational-research-institute-online","Dr. MGR Educational and Research Institute Online","Tamil Nadu","YES","main #83","DR. M.G.R. EDUCATIONAL AND RESEARCH INSTITUTE","MBA","B.Com M.Com MA MBA MSc","","YES"
"uttaranchal-university-online","Uttaranchal University Online","Uttarakhand","YES","main #121","UTTARANCHAL UNIVERSITY","BA BBA BCA MBA MCA","BA BBA BCA MBA MCA","","YES"
"andhra-university-online","Andhra University Online","Andhra Pradesh","YES","main #1","ANDHRA UNIVERSITY","MA MBA MCA","B.Com BA M.Com MA MBA MCA","","YES"
"sgt-university-online","SGT University Online","Online","YES","main #29","SHREE GURU GOBIND SINGH TRICENTENARY UNIVERSITY","B.Com BBA BCA MBA MCA","B.Com BBA BCA MBA MCA","","YES"
"central-university-himachal-pradesh-online","Central University of Himachal Pradesh Online","Online","YES","main #31","CENTRAL UNIVERSITY OF HIMACHAL PRADESH","MA MBA MCA","MA MBA MCA","","YES"
"mahatma-gandhi-university-online","Mahatma Gandhi University Online","Kerala","YES","main #47","MAHATMA GANDHI UNIVERSITY","MBA","B.Com BA BBA M.Com MA MBA MSc","","YES"
"vit-university-online","Vellore Institute of Science and Technology (VIT Online","Tamil Nadu","YES","main #92","VELLORE INSTITUTE OF TECHNOLOGY","MBA MCA MSc","B.Com MBA MCA MSc","","YES"
"karunya-university-online","Karunya Institute of Technology and Sciences (KCODE) Online","Tamil Nadu","YES","main #95","KARUNYA INSTITUTE OF TECHNOLOGY AND SCIENCES","B.Com MBA","B.Com MBA","","YES"
"kurukshetra-university-online","Kurukshetra University Online","Haryana","YES","main #25","KURUKSHETRA UNIVERSITY","B.Com BBA M.Com MBA MCA","B.Com BA BBA M.Com MA MBA MCA MSc","","YES"
"sastra-university-online","SASTRA Deemed University Online","Tamil Nadu","YES","main #84","SHANMUGHA ARTS, SCIENCE, TECHNOLOGY & RESEARCH ACADEMY","MBA","B.Com BBA BCA M.Com MA MBA MCA MSc","","YES"
"dr-dy-patil-vidyapeeth-online","Dr. D.Y. Patil Vidyapeeth, Pune – Centre for Online Learning (DPU-COL) Online","Maharashtra 411018","YES","main #52","DR. D.Y. PATIL VIDYAPEETH (PUNE","MBA MCA","B.Com BBA BCA MBA MCA","","YES"
"jamia-millia-islamia-online","Jamia Millia Islamia (JMI) Online","Online","YES","main #11","JAMIA MILLIA ISLAMIA UNIVERSITY","MBA","B.Com BA BBA M.Com MA MBA","","YES"
"christ-university-online","Christ (Deemed to be University) Online","Online","YES","main #43","CHRIST (DEEMED TO BE UNIVERSITY","B.Com BBA MCA","B.Com BCA MA MCA MSc","BBA","YES"
"shobhit-university-online","Shobhit Institute of Engineering & Technology (Shobhit Online","Uttar Pradesh","NO","","","BBA BCA MBA MCA","","BBA BCA MBA MCA","YES"
"bharati-vidyapeeth-university-online","Bharati Vidyapeeth (Deemed to be University) Online","Maharashtra","YES","main #55","BHARATI VIDYAPEETH","BBA BCA MBA MCA","BBA BCA MBA MCA","","YES"
"assam-don-bosco-university-online","Assam Don Bosco University Online","Assam","YES","addendum #1","ASSAM DON BOSCO UNIVERSITY","BBA BCA MA MBA MCA","BBA BCA MA MBA MCA","","YES"
"university-of-lucknow-online","University of Lucknow Online","Uttar Pradesh","YES","main #112","UNIVERSITY OF LUCKNOW","B.Com BBA M.Com MBA","B.Com BBA M.Com MA MBA","","YES"
"jss-university-online","JSS Academy of Higher Education & Research (JSS AHER) Online","Online","YES","main #35","JSS ACADEMY OF EDUCATION AND RESEARCH","BBA MBA","BBA MBA","","YES"
"alliance-university-online","Alliance University Online","Karnataka","YES","main #45","ALLIANCE UNIVERSITY","B.Com BBA MBA","B.Com BBA MBA","","YES"
"desh-bhagat-university-online","Desh Bhagat University Online","Punjab","YES","main #69","DESH BHAGAT UNIVERSITY","B.Com BBA MBA MCA","B.Com BA BBA M.Com MA MBA MCA","","YES"
"ganpat-university-online","Ganpat University Online","Gujarat","YES","addendum #2","GANPAT UNIVERSITY","BBA MBA MCA","BBA MBA MCA","","YES"
"amet-university-online","AMET University (Academy of Maritime Education and Training) Online","Tamil Nadu","YES","addendum #13","ACADEMY OF MARITIME EDUCATION AND TRAINING (DEEMED-TO- BE-UNIVERSITY","B.Com BBA MBA","B.Com BBA MBA","","YES"
"guru-nanak-dev-university-online","Guru Nanak Dev University Online","Punjab","YES","main #67","GURU NANAK DEV UNIVERSITY","M.Com MBA MCA","B.Com BA BCA M.Com MA MBA MCA","","YES"
"jaypee-university-online","Jaypee Institute of Information Technology Online","Uttar Pradesh","YES","addendum #18","JAYPEE INSTITUTE OF INFORMATION TECHNOLOGY","BBA MBA","BBA BCA MBA MCA","","YES"
"savitribai-phule-pune-university-online","Savitribai Phule Pune University (SPPU) Online","Maharashtra","YES","main #60","SAVITRIBAI PHULE PUNE UNIVERSITY","BBA BCA MBA MCA","BBA BCA M.Com MBA MCA","","YES"
"srm-university-sikkim-online","SRM University Sikkim Online","Sikkim","YES","main #77","SHRI RAMASAMY MEMORIAL UNIVERSITY","BBA BCA MBA","B.Com BBA BCA M.Com MBA MCA","","YES"
"sathyabama-university-online","Sathyabama Institute of Science and Technology (Centre Online","Tamil Nadu","YES","main #85","SATHYABAMA INSTITUTE OF SCIENCE AND TECHNOLOGY","BBA MBA MSc","B.Com BA BBA MA MBA MSc","","YES"
"vit-vellore-online","Vellore Institute of Technology Online","Tamil Nadu","YES","main #92","VELLORE INSTITUTE OF TECHNOLOGY","MSc","B.Com MBA MCA MSc","","YES"
"anna-university-online","Anna University Online","Tamil Nadu","YES","main #97","ANNA UNIVERSITY","MBA MCA","MBA","MCA","YES"
"vels-university-online","Vels Institute of Science, Technology & Advanced Online","Chennai","YES","main #98","VEL'S INSTITUTE OF SCIENCE, TECHNOLOGY & ADVANCED STUDIES (VISTAS","BBA MBA","BBA MBA MCA MSc","","YES"
"northcap-university-online","The NorthCap University Online","Haryana","YES","addendum #6","THE NORTHCAP UNIVERSITY","B.Com BBA","B.Com BBA","","YES"
"noida-international-university-online","Noida International University Online","Uttar Pradesh","YES","main #113","NOIDA INTERNATIONAL UNIVERSITY","BBA MBA MCA","B.Com BBA BCA M.Com MA MBA MCA MSc","","YES"
"iift-online","Indian Institute of Foreign Trade (IIFT) Online","Delhi","YES","main #15","INDIAN INSTITUTE OF FOREIGN TRADE","MBA","MBA","","YES"
"gujarat-technological-university-online","Gujarat Technological University (GTU) Online","Online","YES","main #21","GUJARAT TECHNOLOGICAL UNIVERSITY","MBA","MBA","","YES"
"bit-mesra-online","Birla Institute of Technology (BIT) Mesra Online","Jharkhand","YES","main #33","BIRLA INSTITUTE OF TECHNOLOGY","MBA","MBA MCA","","YES"
"alvas-college-online","Alva's College (Autonomous) - ACU Online","Online","NO","","","MBA","","MBA","YES"
"datta-meghe-university-online","Datta Meghe Institute of Higher Education & Research Online","Maharashtra","YES","main #56","DATTA MEGHE INSTITUTE OF HIGHER EDUCATION AND RESEARCH","MBA MCA","B.Com BBA BCA MBA MCA","","YES"
"kiit-university-online","KIIT Deemed to be University Online","Odisha","YES","main #62","KALINGA INSTITUTE OF INDUSTRIAL TECHNOLOGY","B.Com M.Com MA","B.Com BBA BCA M.Com MA MBA MCA MSc","","YES"
"centurion-university-online","Centurion University of Technology and Management Online","Odisha","YES","main #63","CENTURION UNIVERSITY OF TECHNOLOGY AND MANAGEMENT","MBA MCA","B.Com BBA BCA MBA MCA MSc","","YES"
"guru-kashi-university-online","Guru Kashi University Online","","YES","main #68","GURU KASHI UNIVERSITY","MCA","BBA BCA M.Com MA MBA MCA","","YES"
"jaipur-national-university-online","Jaipur National University Online","Rajasthan","YES","main #75","JAIPUR NATIONAL UNIVERSITY","BBA MCA","B.Com BBA BCA MA MBA MCA MSc","","YES"
"bs-abdur-rahman-university-online","B.S. Abdur Rahman Crescent Institute of Science and Online","Tamil Nadu","YES","main #80","B.S ABDUR RAHMAN INSTITUTE OF SCIENCE AND TECHNOLOGY","MBA MCA","BA MBA MCA","","YES"
"srm-institute-science-technology-online","SRM Institute of Science and Technology Online","Tamil Nadu","YES","main #86","S.R.M. INSTITUTE OF SCIENCES AND TECHNOLOGY","BBA BCA M.Com MBA MCA","BBA BCA M.Com MBA MCA","","YES"
"university-of-madras-online","University of Madras Online","Tamil Nadu","YES","main #87","UNIVERSITY OF MADRAS","MBA","B.Com BA BBA M.Com MA","MBA","YES"
"kalasalingam-university-online","Kalasalingam Academy of Research and Education (KARE) Online","Tamil Nadu","YES","main #88","KALASALINGAM ACADEMY OF RESEARCH AND HIGHER EDUCATION","MBA","B.Com BBA BCA MA MBA MCA MSc","","YES"
"alagappa-university-online","Alagappa University Online","","YES","main #90","ALAGAPPA UNIVERSITY","B.Com","B.Com BA BBA M.Com MA MBA","","YES"
"bharathiar-university-online","Bharathiar University Online","Tamil Nadu","YES","main #91","BHARATHIAR UNIVERSITY","BBA","B.Com BA BBA M.Com MA MBA MCA","","YES"
"sri-ramachandra-university-online","Sri Ramachandra Institute of Higher Education and Online","Tamil Nadu","YES","main #99","SRI RAMACHANDRA INSTITUTE OF HIGHER EDUCATION AND RESEARCH","BSc","BSc MSc","","YES"
"icfai-university-online","ICFAI Foundation for Higher Education Online","Telangana","YES","main #100","ICFAI FOUNDATION FOR HIGHER EDUCATION","MBA","BBA MBA","","YES"
"shiv-nadar-university-online","Shiv Nadar University Online","Uttar Pradesh","NO","","","MBA","","MBA","YES"
"gla-university-online","GLA University Online","Uttar Pradesh","YES","main #110","G.L.A. UNIVERSITY","B.Com BBA BCA MBA MCA","B.Com BBA BCA MBA MCA","","YES"
"jagannath-university-online","Jagan Nath University Online","Rajasthan","YES","addendum #12","JAGANNATH UNIVERSITY","MBA","B.Com BA BBA MA MBA","","YES"
"teerthanker-mahaveer-university-online","Teerthanker Mahaveer University Online","Uttar Pradesh","YES","addendum #16","TEERTHANKER MAHAVEER UNIVERSITY","MBA","BA BBA BCA MBA","","YES"
"subharti-university-online","Swami Vivekanand Subharti University Online","Uttar Pradesh","YES","addendum #17","SWAMI VIVEKANAND SUBHARTI UNIVERSITY","MBA","MA MBA","","YES"
"arka-jain-university-online","ARKA JAIN University – JGI Online (arkajain.edu.in) Online","Jharkhand","YES","addendum #8","ARKA JAIN UNIVERSITY","MBA","B.Com BBA BCA MBA MCA","","YES"
"jawaharlal-nehru-university-online","JAWAHARLAL NEHRU UNIVERSITY Online","DELHI","YES","main #12","JAWAHARLAL NEHRU UNIVERSITY","MA","MA","","YES"
"jamia-hamdard-online","JAMIA HAMDARD Online","DELHI","YES","main #10","JAMIA HAMDARD","B.Com BBA BCA MA MBA MCA","BA BBA BCA MA MBA MCA","B.Com","YES"
"kalinga-institute-industrial-technology-online","KALINGA INSTITUTE OF INDUSTRIAL TECHNOLOGY Online","ODISHA","YES","main #62","KALINGA INSTITUTE OF INDUSTRIAL TECHNOLOGY","B.Com BA M.Com MA","B.Com BBA BCA M.Com MA MBA MCA MSc","BA","YES"
"university-of-kerala-online","UNIVERSITY OF KERALA Online","KERALA","YES","main #49","UNIVERSITY OF KERALA","B.Com BBA M.Com MBA","B.Com BBA M.Com MBA","","YES"
"bits-pilani-work-integrated-online","BITS Pilani Work Integrated Learning Programmes (WILP) Online","GOA","NO","","","MBA","","MBA","YES"
"op-jindal-global-university-online","O.P. Jindal Global University Online","Haryana","NO","","","MBA","","MBA","YES"
"graphic-era-university-online","GRAPHIC ERA UNIVERSITY Online","UTTARAKHAND","YES","main #118","GRAPHIC ERA","B.Com BBA BCA MBA MCA","B.Com BBA BCA MBA MCA","","YES"
"devi-ahilya-vishwavidyalaya-online","DEVI AHILYA VISHWAVIDYALAYA Online","MADHYA PRADESH","YES","main #50","DEVI AHILYA VISHWAVIDYALAYA","MA MBA","MA MBA","","YES"
"madurai-kamaraj-university-online","MADURAI KAMARAJ UNIVERSITY Online","TAMIL NADU","YES","main #82","MADURAI KAMARAJ UNIVERSITY","B.Com BA BBA BCA M.Com MA MBA MCA","B.Com BA BBA M.Com MA MSc","BCA MBA MCA","YES"
"shanmugha-arts-science-technology-research-online","SHANMUGHA ARTS, SCIENCE, TECHNOLOGY & RESEARCH ACADEMY Online","TAMIL NADU","YES","main #84","SHANMUGHA ARTS, SCIENCE, TECHNOLOGY & RESEARCH ACADEMY","B.Com BBA BCA M.Com MA MBA MCA","B.Com BBA BCA M.Com MA MBA MCA MSc","","YES"
"university-of-mumbai-online","UNIVERSITY OF MUMBAI Online","MAHARASHTRA","YES","main #57","UNIVERSITY OF MUMBAI","BBA BCA MA MBA MCA","MA","BBA BCA MBA MCA","YES"
"university-of-jammu-online","UNIVERSITY OF JAMMU Online","JAMMU & KASHMIR","YES","main #32","UNIVERSITY OF JAMMU","M.Com MA","M.Com MA","","YES"
"shivaji-university-online","SHIVAJI UNIVERSITY Online","MAHARASHTRA","YES","main #59","SHIVAJI UNIVERSITY","M.Com MBA","M.Com MBA MSc","","YES"
"banasthali-vidyapith-online","BANASTHALI VIDYAPITH Online","RAJASTHAN","YES","main #72","BANASTHALI VIDYAPITH","B.Com BA M.Com MA MBA","B.Com BA M.Com MA MBA MSc","","YES"
"guru-gobind-singh-indraprastha-university-online","GURU GOBIND SINGH INDRAPRASTHA VISHWAVIDYALAYA Online","DELHI","YES","main #14","GURU GOBIND SINGH INDRAPRASTHA VISHWAVIDYALAYA","B.Com BBA MA","B.Com BBA MA MCA","","YES"
"bangalore-university-online","BANGALORE UNIVERSITY Online","KARNATAKA","YES","main #37","BANGALORE UNIVERSITY","B.Com M.Com MA","B.Com M.Com MA MSc","","YES"
"iiit-bangalore-online","INTERNATIONAL INSTITUTE OF INFORMATION TECHNOLOGY Online","TELANGANA","YES","main #101","INTERNATIONAL INSTITUTE OF INFORMATION TECHNOLOGY","MBA","MSc","MBA","YES"
"dayalbagh-educational-institute-online","DAYAL BAGH EDUCATIONAL INSTITUTE Online","UTTAR PRADESH","YES","main #111","DAYAL BAGH EDUCATIONAL INSTITUTE","B.Com BA BBA M.Com MA","B.Com BA BBA M.Com MA","","YES"
"adichunchanagiri-university-online","ADICHUNCHANAGIRI UNIVERSITY Online","KARNATAKA","YES","main #46","ADICHUNCHANAGI RI UNIVERSITY","MBA","MBA","","YES"
"bharath-university-online","BHARATH INSTITUTE OF HIGHER EDUCATION AND RESEARCH Online","TAMIL NADU","YES","main #79","BHARATH INSTITUTE OF HIGHER EDUCATION AND RESEARCH","B.Com BA M.Com","B.Com BA M.Com","","YES"
"chhatrapati-shahu-ji-maharaj-university-online","CHATRAPATI SHAHUJI MAHARAJ UNIVERSITY Online","UTTAR PRADESH","YES","main #114","CHATRAPATI SHAHUJI MAHARAJ UNIVERSITY","B.Com BBA BCA M.Com MBA MCA","B.Com BBA BCA M.Com MBA MCA","","YES"
"deen-dayal-upadhyay-gorakhpur-university-online","DEEN DAYAL UPADHYAY GORAKHPUR UNIVERSITY Online","UTTAR PRADESH","YES","main #117","DEEN DAYAL UPADHYAY GORAKHPUR UNIVERSITY","B.Com BBA M.Com MA MBA MSc","B.Com BA BBA M.Com MA MBA MSc","","YES"
"guru-jambheshwar-university-online","GURU JAMBHESHWAR UNIVERSITY OF SCIENCE AND TECHNOLOGY Online","HARYANA","YES","main #24","GURU JAMBHESHWAR UNIVERSITY OF SCIENCE AND TECHNOLOGY","B.Com M.Com MA MBA","B.Com M.Com MA MBA MCA MSc","","YES"
"maharshi-dayanand-university-online","MAHARSHI DAYANAND UNIVERSITY Online","HARYANA","YES","main #26","MAHARSHI DAYANAND UNIVERSITY","BA M.Com MA","BA M.Com MA MSc","","YES"
"mahatma-jyotiba-phule-rohilkhand-university-online","MAHATMA JYOTIBA PHULE ROHILKHAND UNIVERSITY Online","UTTAR PRADESH","YES","main #116","MAHATMA JYOTIBA PHULE ROHILKHAND UNIVERSITY","BA M.Com MA","BA M.Com MA MSc","","YES"
"mats-university-online","MATS UNIVERSITY Online","CHHATTISGARH","YES","main #8","MATS UNIVERSITY","B.Com BBA BCA MBA MCA","B.Com BBA BCA MBA MCA","","YES"
"meenakshi-academy-higher-education-online","MEENAKSHI ACADEMY OF HIGHER EDUCATION AND RESEARCH Online","TAMIL NADU","YES","main #96","MEENAKSHI ACADEMY OF HIGHER EDUCATION AND RESEARCH","B.Com BA MA","B.Com BA MA","","YES"
"mody-university-online","MODY UNIVERSITY OF SCIENCE AND TECHNOLOGY Online","RAJASTHAN","YES","main #73","MODY UNIVERSITY OF SCIENCE AND TECHNOLOGY","B.Com BA BCA M.Com MA MBA MCA","B.Com BA BCA M.Com MA MBA MCA","","YES"
"sage-university-online","SAGE UNIVERSITY Online","MADHYA PRADESH","YES","main #51","SAGE UNIVERSITY","BBA BCA M.Com MA MBA","BBA BCA M.Com MA MBA MCA MSc","","YES"
"shree-guru-gobind-singh-tricentenary-university-online","SHREE GURU GOBIND SINGH TRICENTENARY UNIVERSITY Online","HARYANA","YES","main #29","SHREE GURU GOBIND SINGH TRICENTENARY UNIVERSITY","B.Com BBA BCA MBA MCA","B.Com BBA BCA MBA MCA","","YES"
"assam-down-town-university-online","Assam Down Town University Online","Assam","YES","main #6","ASSAM DOWN TOWN UNIVERSITY","MCA","BBA BCA MBA MCA","","YES"
"ignou-online","Indira Gandhi National Open University (IGNOU) Online","Delhi","NO","","","B.Com BA BCA M.Com MA MBA MCA","","B.Com BA BCA M.Com MA MBA MCA","YES"