university_slug,university_display_name,program,current_pd_fees_value,suppression_rule,feeMin,feeMax,live_url,gsc_fee_impressions_28d,priority_rank,VERIFIED_TOTAL_FEE,VERIFIED_PER_SEM_FEE,VERIFIED_REGISTRATION_FEE,SOURCE_NOTE,VERIFIED_DATE
galgotias-university-online,"Galgotias University Online",M.Com,"₹60K – ₹200K",4a,80200,86400,https://edifyedu.in/universities/galgotias-university-online/mcom,2778,1,,,,,
galgotias-university-online,"Galgotias University Online",MA,"",4b,80200,86400,https://edifyedu.in/universities/galgotias-university-online/ma,2778,2,,,,,
uttaranchal-university-online,"Uttaranchal University Online",BA,"₹0.1L – ₹0.7L",4a,94000,98000,https://edifyedu.in/universities/uttaranchal-university-online/ba,472,3,,,,,
uttaranchal-university-online,"Uttaranchal University Online",BCA,"₹0.2L – ₹1.0L",4a,94000,98000,https://edifyedu.in/universities/uttaranchal-university-online/bca,472,4,,,,,
jamia-hamdard-online,"JAMIA HAMDARD Online",B.Com,"₹41K – ₹99K",4d,75000,180000,https://edifyedu.in/universities/jamia-hamdard-online/bcom,429,5,,,,,
jamia-hamdard-online,"JAMIA HAMDARD Online",BBA,"₹45K – ₹108K",4d,75000,180000,https://edifyedu.in/universities/jamia-hamdard-online/bba,429,6,,,,,
jamia-hamdard-online,"JAMIA HAMDARD Online",BCA,"₹45K – ₹108K",4d,75000,180000,https://edifyedu.in/universities/jamia-hamdard-online/bca,429,7,,,,,
jamia-hamdard-online,"JAMIA HAMDARD Online",MA,"₹48K – ₹117K",4d,75000,180000,https://edifyedu.in/universities/jamia-hamdard-online/ma,429,8,,,,,
jamia-hamdard-online,"JAMIA HAMDARD Online",MBA,"₹75K – ₹180K",4d,75000,180000,https://edifyedu.in/universities/jamia-hamdard-online/mba,429,9,,,,,
maharshi-dayanand-university-online,"MAHARSHI DAYANAND UNIVERSITY Online",BA,"₹37K – ₹90K",4d,75000,180000,https://edifyedu.in/universities/maharshi-dayanand-university-online/ba,169,10,,,,,
maharshi-dayanand-university-online,"MAHARSHI DAYANAND UNIVERSITY Online",M.Com,"₹52K – ₹125K",4d,75000,180000,https://edifyedu.in/universities/maharshi-dayanand-university-online/mcom,169,11,,,,,
maharshi-dayanand-university-online,"MAHARSHI DAYANAND UNIVERSITY Online",MA,"₹48K – ₹117K",4d,75000,180000,https://edifyedu.in/universities/maharshi-dayanand-university-online/ma,169,12,,,,,
bangalore-university-online,"BANGALORE UNIVERSITY Online",B.Com,"₹33K – ₹82K",4d,60000,150000,https://edifyedu.in/universities/bangalore-university-online/bcom,132,13,,,,,
bangalore-university-online,"BANGALORE UNIVERSITY Online",M.Com,"₹42K – ₹105K",4d,60000,150000,https://edifyedu.in/universities/bangalore-university-online/mcom,132,14,,,,,
bangalore-university-online,"BANGALORE UNIVERSITY Online",MA,"₹39K – ₹97K",4d,60000,150000,https://edifyedu.in/universities/bangalore-university-online/ma,132,15,,,,,
integral-university-online,"Integral University Online",MA,"",4b,110000,110000,https://edifyedu.in/universities/integral-university-online/ma,128,16,,,,,
integral-university-online,"Integral University Online",MCA,"",4b,110000,110000,https://edifyedu.in/universities/integral-university-online/mca,128,17,,,,,
sathyabama-university-online,"Sathyabama Institute of Science and Technology (Centre Online",MSc,"",4b,60000,200000,https://edifyedu.in/universities/sathyabama-university-online/msc,65,18,,,,,
noida-international-university-online,"Noida International University Online",BBA,"₹0.2L – ₹1.1L",4a,88500,97600,https://edifyedu.in/universities/noida-international-university-online/bba,55,19,,,,,
deen-dayal-upadhyay-gorakhpur-university-online,"DEEN DAYAL UPADHYAY GORAKHPUR UNIVERSITY Online",M.Com,"₹42K – ₹105K",4d,30500,57500,https://edifyedu.in/universities/deen-dayal-upadhyay-gorakhpur-university-online/mcom,47,20,,,,,
bs-abdur-rahman-university-online,"B.S. Abdur Rahman Crescent Institute of Science and Online",MCA,"Not published",4c,60000,200000,https://edifyedu.in/universities/bs-abdur-rahman-university-online/mca,43,21,,,,,
guru-jambheshwar-university-online,"GURU JAMBHESHWAR UNIVERSITY OF SCIENCE AND TECHNOLOGY Online",B.Com,"₹33K – ₹82K",4d,60000,150000,https://edifyedu.in/universities/guru-jambheshwar-university-online/bcom,43,22,,,,,
guru-jambheshwar-university-online,"GURU JAMBHESHWAR UNIVERSITY OF SCIENCE AND TECHNOLOGY Online",M.Com,"₹42K – ₹105K",4d,60000,150000,https://edifyedu.in/universities/guru-jambheshwar-university-online/mcom,43,23,,,,,
guru-jambheshwar-university-online,"GURU JAMBHESHWAR UNIVERSITY OF SCIENCE AND TECHNOLOGY Online",MA,"₹39K – ₹97K",4d,60000,150000,https://edifyedu.in/universities/guru-jambheshwar-university-online/ma,43,24,,,,,
guru-jambheshwar-university-online,"GURU JAMBHESHWAR UNIVERSITY OF SCIENCE AND TECHNOLOGY Online",MBA,"₹60K – ₹150K",4d,60000,150000,https://edifyedu.in/universities/guru-jambheshwar-university-online/mba,43,25,,,,,
hindustan-institute-technology-online,"Hindustan Institute of Technology and Science (CODE) Online",B.Com,"",4b,60000,200000,https://edifyedu.in/universities/hindustan-institute-technology-online/bcom,43,26,,,,,
hindustan-institute-technology-online,"Hindustan Institute of Technology and Science (CODE) Online",BBA,"",4b,60000,200000,https://edifyedu.in/universities/hindustan-institute-technology-online/bba,43,27,,,,,
hindustan-institute-technology-online,"Hindustan Institute of Technology and Science (CODE) Online",BCA,"",4b,60000,200000,https://edifyedu.in/universities/hindustan-institute-technology-online/bca,43,28,,,,,
hindustan-institute-technology-online,"Hindustan Institute of Technology and Science (CODE) Online",MCA,"Not published",4c,60000,200000,https://edifyedu.in/universities/hindustan-institute-technology-online/mca,43,29,,,,,
mody-university-online,"MODY UNIVERSITY OF SCIENCE AND TECHNOLOGY Online",B.Com,"₹41K – ₹99K",4d,75000,180000,https://edifyedu.in/universities/mody-university-online/bcom,43,30,,,,,
mody-university-online,"MODY UNIVERSITY OF SCIENCE AND TECHNOLOGY Online",BA,"₹37K – ₹90K",4d,75000,180000,https://edifyedu.in/universities/mody-university-online/ba,43,31,,,,,
mody-university-online,"MODY UNIVERSITY OF SCIENCE AND TECHNOLOGY Online",BCA,"₹45K – ₹108K",4d,75000,180000,https://edifyedu.in/universities/mody-university-online/bca,43,32,,,,,
mody-university-online,"MODY UNIVERSITY OF SCIENCE AND TECHNOLOGY Online",M.Com,"₹52K – ₹125K",4d,75000,180000,https://edifyedu.in/universities/mody-university-online/mcom,43,33,,,,,
mody-university-online,"MODY UNIVERSITY OF SCIENCE AND TECHNOLOGY Online",MA,"₹48K – ₹117K",4d,75000,180000,https://edifyedu.in/universities/mody-university-online/ma,43,34,,,,,
mody-university-online,"MODY UNIVERSITY OF SCIENCE AND TECHNOLOGY Online",MBA,"₹75K – ₹180K",4d,75000,180000,https://edifyedu.in/universities/mody-university-online/mba,43,35,,,,,
mody-university-online,"MODY UNIVERSITY OF SCIENCE AND TECHNOLOGY Online",MCA,"Not published",4c,75000,180000,https://edifyedu.in/universities/mody-university-online/mca,43,36,,,,,
symbiosis-university-online,"Symbiosis School for Online and Digital Learning (SSODL), Pune Online",BSc,"₹0.2L – ₹1.5L",4a,315000,370000,https://edifyedu.in/universities/symbiosis-university-online/bsc,36,37,,,,,
symbiosis-university-online,"Symbiosis School for Online and Digital Learning (SSODL), Pune Online",MA,"",4b,315000,370000,https://edifyedu.in/universities/symbiosis-university-online/ma,36,38,,,,,
symbiosis-university-online,"Symbiosis School for Online and Digital Learning (SSODL), Pune Online",MSc,"₹35K – ₹140K",4a,315000,370000,https://edifyedu.in/universities/symbiosis-university-online/msc,36,39,,,,,
assam-don-bosco-university-online,"Assam Don Bosco University Online",BBA,"₹60K – ₹200K",4a,60000,200000,https://edifyedu.in/universities/assam-don-bosco-university-online/bba,17,40,,,,,
assam-don-bosco-university-online,"Assam Don Bosco University Online",BCA,"₹60K – ₹200K",4a,60000,200000,https://edifyedu.in/universities/assam-don-bosco-university-online/bca,17,41,,,,,
assam-don-bosco-university-online,"Assam Don Bosco University Online",MA,"",4b,60000,200000,https://edifyedu.in/universities/assam-don-bosco-university-online/ma,17,42,,,,,
assam-don-bosco-university-online,"Assam Don Bosco University Online",MBA,"₹60K – ₹200K",4a,60000,200000,https://edifyedu.in/universities/assam-don-bosco-university-online/mba,17,43,,,,,
assam-don-bosco-university-online,"Assam Don Bosco University Online",MCA,"Not published",4c,60000,200000,https://edifyedu.in/universities/assam-don-bosco-university-online/mca,17,44,,,,,
christ-university-online,"Christ (Deemed to be University) Online",B.Com,"₹50K – ₹160K",4a,60000,200000,https://edifyedu.in/universities/christ-university-online/bcom,16,45,,,,,
manipal-academy-higher-education-online,"Manipal Academy of Higher Education (MAHE) Online",MSc,"₹60K – ₹240K",4a,292000,292000,https://edifyedu.in/universities/manipal-academy-higher-education-online/msc,16,46,,,,,
manipal-university-jaipur-online,"Manipal University Jaipur (MUJ) Online",M.Com,"₹30K – ₹120K",4a,153000,180000,https://edifyedu.in/universities/manipal-university-jaipur-online/mcom,16,47,,,,,
manipal-university-jaipur-online,"Manipal University Jaipur (MUJ) Online",MA,"",4b,153000,180000,https://edifyedu.in/universities/manipal-university-jaipur-online/ma,16,48,,,,,
manipal-university-jaipur-online,"Manipal University Jaipur (MUJ) Online",MSc,"₹30K – ₹120K",4a,153000,180000,https://edifyedu.in/universities/manipal-university-jaipur-online/msc,16,49,,,,,
sikkim-manipal-university-online,"Sikkim Manipal University Online",BA,"₹0.1L – ₹0.8L",4a,120000,120000,https://edifyedu.in/universities/sikkim-manipal-university-online/ba,16,50,,,,,
sikkim-manipal-university-online,"Sikkim Manipal University Online",M.Com,"₹18K – ₹75K",4a,120000,120000,https://edifyedu.in/universities/sikkim-manipal-university-online/mcom,16,51,,,,,
sikkim-manipal-university-online,"Sikkim Manipal University Online",MA,"",4b,120000,120000,https://edifyedu.in/universities/sikkim-manipal-university-online/ma,16,52,,,,,
karunya-university-online,"Karunya Institute of Technology and Sciences (KCODE) Online",B.Com,"₹0.1L – ₹0.9L",4a,60000,200000,https://edifyedu.in/universities/karunya-university-online/bcom,15,53,,,,,
ajeenkya-dy-patil-university-online,"Ajeenkya D.Y. Patil University Online",BBA,"Not published",4c,0,0,https://edifyedu.in/universities/ajeenkya-dy-patil-university-online/bba,0,54,,,,,
ajeenkya-dy-patil-university-online,"Ajeenkya D.Y. Patil University Online",BCA,"Not published",4c,0,0,https://edifyedu.in/universities/ajeenkya-dy-patil-university-online/bca,0,55,,,,,
ajeenkya-dy-patil-university-online,"Ajeenkya D.Y. Patil University Online",MBA,"Not published",4c,0,0,https://edifyedu.in/universities/ajeenkya-dy-patil-university-online/mba,0,56,,,,,
ajeenkya-dy-patil-university-online,"Ajeenkya D.Y. Patil University Online",MCA,"Not published",4c,0,0,https://edifyedu.in/universities/ajeenkya-dy-patil-university-online/mca,0,57,,,,,
aligarh-muslim-university-online,"Aligarh Muslim University Online",MA,"",4b,60000,200000,https://edifyedu.in/universities/aligarh-muslim-university-online/ma,0,58,,,,,
alliance-university-online,"Alliance University Online",B.Com,"₹0.1L – ₹0.8L",4a,160000,175000,https://edifyedu.in/universities/alliance-university-online/bcom,0,59,,,,,
alliance-university-online,"Alliance University Online",BBA,"₹0.2L – ₹1.1L",4a,160000,175000,https://edifyedu.in/universities/alliance-university-online/bba,0,60,,,,,
andhra-university-online,"Andhra University Online",MCA,"",4b,60000,200000,https://edifyedu.in/universities/andhra-university-online/mca,0,61,,,,,
anna-university-online,"Anna University Online",MCA,"",4b,60000,200000,https://edifyedu.in/universities/anna-university-online/mca,0,62,,,,,
atlas-skilltech-university-online,"Atlas SkillTech University Online",BBA,"Not published",4c,0,0,https://edifyedu.in/universities/atlas-skilltech-university-online/bba,0,63,,,,,
atlas-skilltech-university-online,"Atlas SkillTech University Online",MBA,"Not published",4c,0,0,https://edifyedu.in/universities/atlas-skilltech-university-online/mba,0,64,,,,,
banasthali-vidyapith-online,"BANASTHALI VIDYAPITH Online",B.Com,"₹49K – ₹110K",4d,90000,200000,https://edifyedu.in/universities/banasthali-vidyapith-online/bcom,0,65,,,,,
banasthali-vidyapith-online,"BANASTHALI VIDYAPITH Online",BA,"₹45K – ₹100K",4d,90000,200000,https://edifyedu.in/universities/banasthali-vidyapith-online/ba,0,66,,,,,
banasthali-vidyapith-online,"BANASTHALI VIDYAPITH Online",M.Com,"₹62K – ₹140K",4d,90000,200000,https://edifyedu.in/universities/banasthali-vidyapith-online/mcom,0,67,,,,,
banasthali-vidyapith-online,"BANASTHALI VIDYAPITH Online",MA,"₹58K – ₹130K",4d,90000,200000,https://edifyedu.in/universities/banasthali-vidyapith-online/ma,0,68,,,,,
banasthali-vidyapith-online,"BANASTHALI VIDYAPITH Online",MBA,"₹90K – ₹200K",4d,90000,200000,https://edifyedu.in/universities/banasthali-vidyapith-online/mba,0,69,,,,,
bennett-university-online,"Bennett University Online",BBA,"Not published",4c,0,0,https://edifyedu.in/universities/bennett-university-online/bba,0,70,,,,,
bennett-university-online,"Bennett University Online",MBA,"Not published",4c,0,0,https://edifyedu.in/universities/bennett-university-online/mba,0,71,,,,,
bharath-university-online,"BHARATH INSTITUTE OF HIGHER EDUCATION AND RESEARCH Online",B.Com,"₹41K – ₹99K",4d,75000,180000,https://edifyedu.in/universities/bharath-university-online/bcom,0,72,,,,,
bharath-university-online,"BHARATH INSTITUTE OF HIGHER EDUCATION AND RESEARCH Online",BA,"₹37K – ₹90K",4d,75000,180000,https://edifyedu.in/universities/bharath-university-online/ba,0,73,,,,,
bharath-university-online,"BHARATH INSTITUTE OF HIGHER EDUCATION AND RESEARCH Online",M.Com,"₹52K – ₹125K",4d,75000,180000,https://edifyedu.in/universities/bharath-university-online/mcom,0,74,,,,,
bharathidasan-university-online,"Bharathidasan University Online",MA,"",4b,60000,200000,https://edifyedu.in/universities/bharathidasan-university-online/ma,0,75,,,,,
bml-munjal-university-online,"BML Munjal University Online",MBA,"Not published",4c,0,0,https://edifyedu.in/universities/bml-munjal-university-online/mba,0,76,,,,,
central-university-himachal-pradesh-online,"Central University of Himachal Pradesh Online",MA,"",4b,60000,200000,https://edifyedu.in/universities/central-university-himachal-pradesh-online/ma,0,77,,,,,
central-university-himachal-pradesh-online,"Central University of Himachal Pradesh Online",MCA,"",4b,60000,200000,https://edifyedu.in/universities/central-university-himachal-pradesh-online/mca,0,78,,,,,
central-university-tamil-nadu-online,"Central University of Tamil Nadu Online",M.Com,"Not published",4c,0,0,https://edifyedu.in/universities/central-university-tamil-nadu-online/mcom,0,79,,,,,
central-university-tamil-nadu-online,"Central University of Tamil Nadu Online",MA,"Not published",4c,0,0,https://edifyedu.in/universities/central-university-tamil-nadu-online/ma,0,80,,,,,
central-university-tamil-nadu-online,"Central University of Tamil Nadu Online",MBA,"Not published",4c,0,0,https://edifyedu.in/universities/central-university-tamil-nadu-online/mba,0,81,,,,,
centurion-university-online,"Centurion University of Technology and Management Online",MCA,"Not published",4c,60000,200000,https://edifyedu.in/universities/centurion-university-online/mca,0,82,,,,,
chandigarh-university-online,"Chandigarh University Online",MA,"",4b,165000,220000,https://edifyedu.in/universities/chandigarh-university-online/ma,0,83,,,,,
chandigarh-university-online,"Chandigarh University Online",MSc,"₹0.3L – ₹1.5L",4a,165000,220000,https://edifyedu.in/universities/chandigarh-university-online/msc,0,84,,,,,
chhatrapati-shahu-ji-maharaj-university-online,"CHATRAPATI SHAHUJI MAHARAJ UNIVERSITY Online",MCA,"Not published",4c,50000,120000,https://edifyedu.in/universities/chhatrapati-shahu-ji-maharaj-university-online/mca,0,85,,,,,
chitkara-university-online,"Chitkara University Online",BBA,"₹60K – ₹200K",4a,200000,200000,https://edifyedu.in/universities/chitkara-university-online/bba,0,86,,,,,
dayalbagh-educational-institute-online,"DAYAL BAGH EDUCATIONAL INSTITUTE Online",B.Com,"₹41K – ₹99K",4d,75000,180000,https://edifyedu.in/universities/dayalbagh-educational-institute-online/bcom,0,87,,,,,
dayalbagh-educational-institute-online,"DAYAL BAGH EDUCATIONAL INSTITUTE Online",BA,"₹37K – ₹90K",4d,75000,180000,https://edifyedu.in/universities/dayalbagh-educational-institute-online/ba,0,88,,,,,
dayalbagh-educational-institute-online,"DAYAL BAGH EDUCATIONAL INSTITUTE Online",BBA,"₹45K – ₹108K",4d,75000,180000,https://edifyedu.in/universities/dayalbagh-educational-institute-online/bba,0,89,,,,,
dayalbagh-educational-institute-online,"DAYAL BAGH EDUCATIONAL INSTITUTE Online",M.Com,"₹52K – ₹125K",4d,75000,180000,https://edifyedu.in/universities/dayalbagh-educational-institute-online/mcom,0,90,,,,,
dayalbagh-educational-institute-online,"DAYAL BAGH EDUCATIONAL INSTITUTE Online",MA,"₹48K – ₹117K",4d,75000,180000,https://edifyedu.in/universities/dayalbagh-educational-institute-online/ma,0,91,,,,,
desh-bhagat-university-online,"Desh Bhagat University Online",B.Com,"₹60K – ₹200K",4a,60000,200000,https://edifyedu.in/universities/desh-bhagat-university-online/bcom,0,92,,,,,
desh-bhagat-university-online,"Desh Bhagat University Online",MBA,"₹60K – ₹200K",4a,60000,200000,https://edifyedu.in/universities/desh-bhagat-university-online/mba,0,93,,,,,
devi-ahilya-vishwavidyalaya-online,"DEVI AHILYA VISHWAVIDYALAYA Online",MA,"₹48K – ₹117K",4d,75000,180000,https://edifyedu.in/universities/devi-ahilya-vishwavidyalaya-online/ma,0,94,,,,,
devi-ahilya-vishwavidyalaya-online,"DEVI AHILYA VISHWAVIDYALAYA Online",MBA,"₹75K – ₹180K",4d,75000,180000,https://edifyedu.in/universities/devi-ahilya-vishwavidyalaya-online/mba,0,95,,,,,
dr-babasaheb-ambedkar-open-university-online,"Dr. Babasaheb Ambedkar Open University Online",MA,"",4b,60000,200000,https://edifyedu.in/universities/dr-babasaheb-ambedkar-open-university-online/ma,0,96,,,,,
dr-br-ambedkar-open-university-online,"Dr. B.R. Ambedkar Open University Online",B.Com,"Not published",4c,0,0,https://edifyedu.in/universities/dr-br-ambedkar-open-university-online/bcom,0,97,,,,,
dr-br-ambedkar-open-university-online,"Dr. B.R. Ambedkar Open University Online",M.Com,"Not published",4c,0,0,https://edifyedu.in/universities/dr-br-ambedkar-open-university-online/mcom,0,98,,,,,
dr-br-ambedkar-open-university-online,"Dr. B.R. Ambedkar Open University Online",MA,"Not published",4c,0,0,https://edifyedu.in/universities/dr-br-ambedkar-open-university-online/ma,0,99,,,,,
dr-br-ambedkar-university-online,"Dr. B.R. Ambedkar University Online",B.Com,"Not published",4c,0,0,https://edifyedu.in/universities/dr-br-ambedkar-university-online/bcom,0,100,,,,,
dr-br-ambedkar-university-online,"Dr. B.R. Ambedkar University Online",BBA,"Not published",4c,0,0,https://edifyedu.in/universities/dr-br-ambedkar-university-online/bba,0,101,,,,,
dr-br-ambedkar-university-online,"Dr. B.R. Ambedkar University Online",BCA,"Not published",4c,0,0,https://edifyedu.in/universities/dr-br-ambedkar-university-online/bca,0,102,,,,,
dr-br-ambedkar-university-online,"Dr. B.R. Ambedkar University Online",M.Com,"Not published",4c,0,0,https://edifyedu.in/universities/dr-br-ambedkar-university-online/mcom,0,103,,,,,
dr-br-ambedkar-university-online,"Dr. B.R. Ambedkar University Online",MA,"Not published",4c,0,0,https://edifyedu.in/universities/dr-br-ambedkar-university-online/ma,0,104,,,,,
dr-br-ambedkar-university-online,"Dr. B.R. Ambedkar University Online",MBA,"Not published",4c,0,0,https://edifyedu.in/universities/dr-br-ambedkar-university-online/mba,0,105,,,,,
dr-br-ambedkar-university-online,"Dr. B.R. Ambedkar University Online",MCA,"Not published",4c,0,0,https://edifyedu.in/universities/dr-br-ambedkar-university-online/mca,0,106,,,,,
gls-university-online,"GLS University Online",B.Com,"₹60K – ₹200K",4a,60000,200000,https://edifyedu.in/universities/gls-university-online/bcom,0,107,,,,,
gls-university-online,"GLS University Online",BBA,"₹60K – ₹200K",4a,60000,200000,https://edifyedu.in/universities/gls-university-online/bba,0,108,,,,,
gls-university-online,"GLS University Online",BCA,"₹60K – ₹200K",4a,60000,200000,https://edifyedu.in/universities/gls-university-online/bca,0,109,,,,,
gls-university-online,"GLS University Online",M.Com,"",4b,60000,200000,https://edifyedu.in/universities/gls-university-online/mcom,0,110,,,,,
graphic-era-university-online,"GRAPHIC ERA UNIVERSITY Online",B.Com,"₹41K – ₹99K",4d,75000,180000,https://edifyedu.in/universities/graphic-era-university-online/bcom,0,111,,,,,
graphic-era-university-online,"GRAPHIC ERA UNIVERSITY Online",BBA,"₹45K – ₹108K",4d,75000,180000,https://edifyedu.in/universities/graphic-era-university-online/bba,0,112,,,,,
graphic-era-university-online,"GRAPHIC ERA UNIVERSITY Online",BCA,"₹45K – ₹108K",4d,75000,180000,https://edifyedu.in/universities/graphic-era-university-online/bca,0,113,,,,,
graphic-era-university-online,"GRAPHIC ERA UNIVERSITY Online",MBA,"₹75K – ₹180K",4d,75000,180000,https://edifyedu.in/universities/graphic-era-university-online/mba,0,114,,,,,
graphic-era-university-online,"GRAPHIC ERA UNIVERSITY Online",MCA,"Not published",4c,75000,180000,https://edifyedu.in/universities/graphic-era-university-online/mca,0,115,,,,,
gujarat-university-online,"Gujarat University Online",MA,"",4b,60000,200000,https://edifyedu.in/universities/gujarat-university-online/ma,0,116,,,,,
guru-ghasidas-vishwavidyalaya-online,"Guru Ghasidas Vishwavidyalaya (GGU) Online",MA,"",4b,60000,200000,https://edifyedu.in/universities/guru-ghasidas-vishwavidyalaya-online/ma,0,117,,,,,
guru-gobind-singh-indraprastha-university-online,"GURU GOBIND SINGH INDRAPRASTHA VISHWAVIDYALAYA Online",B.Com,"₹49K – ₹110K",4d,90000,200000,https://edifyedu.in/universities/guru-gobind-singh-indraprastha-university-online/bcom,0,118,,,,,
guru-gobind-singh-indraprastha-university-online,"GURU GOBIND SINGH INDRAPRASTHA VISHWAVIDYALAYA Online",BBA,"₹54K – ₹120K",4d,90000,200000,https://edifyedu.in/universities/guru-gobind-singh-indraprastha-university-online/bba,0,119,,,,,
guru-gobind-singh-indraprastha-university-online,"GURU GOBIND SINGH INDRAPRASTHA VISHWAVIDYALAYA Online",MA,"₹58K – ₹130K",4d,90000,200000,https://edifyedu.in/universities/guru-gobind-singh-indraprastha-university-online/ma,0,120,,,,,
guru-kashi-university-online,"Guru Kashi University Online",MCA,"Not published",4c,60000,200000,https://edifyedu.in/universities/guru-kashi-university-online/mca,0,121,,,,,
guru-nanak-dev-university-online,"Guru Nanak Dev University Online",MCA,"Not published",4c,60000,200000,https://edifyedu.in/universities/guru-nanak-dev-university-online/mca,0,122,,,,,
iift-online,"Indian Institute of Foreign Trade (IIFT) Online",MBA,"₹60K – ₹200K",4a,60000,200000,https://edifyedu.in/universities/iift-online/mba,0,123,,,,,
iiit-bangalore-online,"INTERNATIONAL INSTITUTE OF INFORMATION TECHNOLOGY Online",MBA,"₹60K – ₹150K",4d,60000,150000,https://edifyedu.in/universities/iiit-bangalore-online/mba,0,124,,,,,
jain-university-online,"JAIN (Deemed-to-be University) Online",BBA,"₹0.3L – ₹2.8L",4a,160000,298000,https://edifyedu.in/universities/jain-university-online/bba,0,125,,,,,
jain-university-online,"JAIN (Deemed-to-be University) Online",MA,"",4b,160000,298000,https://edifyedu.in/universities/jain-university-online/ma,0,126,,,,,
jaipur-national-university-online,"Jaipur National University Online",MCA,"Not published",4c,60000,200000,https://edifyedu.in/universities/jaipur-national-university-online/mca,0,127,,,,,
jawaharlal-nehru-university-online,"JAWAHARLAL NEHRU UNIVERSITY Online",MA,"₹58K – ₹130K",4d,90000,200000,https://edifyedu.in/universities/jawaharlal-nehru-university-online/ma,0,128,,,,,
jaypee-university-online,"Jaypee Institute of Information Technology Online",BBA,"₹0.2L – ₹1.2L",4a,175000,175000,https://edifyedu.in/universities/jaypee-university-online/bba,0,129,,,,,
jss-university-online,"JSS Academy of Higher Education & Research (JSS AHER) Online",BBA,"₹0.1L – ₹0.9L",4a,60000,200000,https://edifyedu.in/universities/jss-university-online/bba,0,130,,,,,
kalinga-institute-industrial-technology-online,"KALINGA INSTITUTE OF INDUSTRIAL TECHNOLOGY Online",B.Com,"₹49K – ₹110K",4d,90000,200000,https://edifyedu.in/universities/kalinga-institute-industrial-technology-online/bcom,0,131,,,,,
kalinga-institute-industrial-technology-online,"KALINGA INSTITUTE OF INDUSTRIAL TECHNOLOGY Online",BA,"₹45K – ₹100K",4d,90000,200000,https://edifyedu.in/universities/kalinga-institute-industrial-technology-online/ba,0,132,,,,,
kalinga-institute-industrial-technology-online,"KALINGA INSTITUTE OF INDUSTRIAL TECHNOLOGY Online",M.Com,"₹62K – ₹140K",4d,90000,200000,https://edifyedu.in/universities/kalinga-institute-industrial-technology-online/mcom,0,133,,,,,
kalinga-institute-industrial-technology-online,"KALINGA INSTITUTE OF INDUSTRIAL TECHNOLOGY Online",MA,"₹58K – ₹130K",4d,90000,200000,https://edifyedu.in/universities/kalinga-institute-industrial-technology-online/ma,0,134,,,,,
karnataka-state-open-university-online,"Karnataka State Open University (KSOU) Online",B.Com,"₹0.1L – ₹0.7L",4a,60000,200000,https://edifyedu.in/universities/karnataka-state-open-university-online/bcom,0,135,,,,,
karnataka-state-open-university-online,"Karnataka State Open University (KSOU) Online",MA,"",4b,60000,200000,https://edifyedu.in/universities/karnataka-state-open-university-online/ma,0,136,,,,,
karnataka-state-open-university-online,"Karnataka State Open University (KSOU) Online",MCA,"",4b,60000,200000,https://edifyedu.in/universities/karnataka-state-open-university-online/mca,0,137,,,,,
lovely-professional-university-online,"Lovely Professional University Online",BA,"₹0.1L – ₹0.9L",4a,161600,200000,https://edifyedu.in/universities/lovely-professional-university-online/ba,0,138,,,,,
lovely-professional-university-online,"Lovely Professional University Online",BBA,"₹0.2L – ₹1.5L",4a,161600,200000,https://edifyedu.in/universities/lovely-professional-university-online/bba,0,139,,,,,
lovely-professional-university-online,"Lovely Professional University Online",M.Com,"₹20K – ₹70K",4a,161600,200000,https://edifyedu.in/universities/lovely-professional-university-online/mcom,0,140,,,,,
lovely-professional-university-online,"Lovely Professional University Online",MA,"",4b,161600,200000,https://edifyedu.in/universities/lovely-professional-university-online/ma,0,141,,,,,
lovely-professional-university-online,"Lovely Professional University Online",MSc,"₹14K – ₹56K",4a,161600,200000,https://edifyedu.in/universities/lovely-professional-university-online/msc,0,142,,,,,
madurai-kamaraj-university-online,"MADURAI KAMARAJ UNIVERSITY Online",B.Com,"₹41K – ₹99K",4d,75000,180000,https://edifyedu.in/universities/madurai-kamaraj-university-online/bcom,0,143,,,,,
madurai-kamaraj-university-online,"MADURAI KAMARAJ UNIVERSITY Online",BA,"₹37K – ₹90K",4d,75000,180000,https://edifyedu.in/universities/madurai-kamaraj-university-online/ba,0,144,,,,,
madurai-kamaraj-university-online,"MADURAI KAMARAJ UNIVERSITY Online",BBA,"₹45K – ₹108K",4d,75000,180000,https://edifyedu.in/universities/madurai-kamaraj-university-online/bba,0,145,,,,,
madurai-kamaraj-university-online,"MADURAI KAMARAJ UNIVERSITY Online",BCA,"",4b,75000,180000,https://edifyedu.in/universities/madurai-kamaraj-university-online/bca,0,146,,,,,
madurai-kamaraj-university-online,"MADURAI KAMARAJ UNIVERSITY Online",M.Com,"₹52K – ₹125K",4d,75000,180000,https://edifyedu.in/universities/madurai-kamaraj-university-online/mcom,0,147,,,,,
madurai-kamaraj-university-online,"MADURAI KAMARAJ UNIVERSITY Online",MA,"₹48K – ₹117K",4d,75000,180000,https://edifyedu.in/universities/madurai-kamaraj-university-online/ma,0,148,,,,,
madurai-kamaraj-university-online,"MADURAI KAMARAJ UNIVERSITY Online",MCA,"",4b,75000,180000,https://edifyedu.in/universities/madurai-kamaraj-university-online/mca,0,149,,,,,
maharishi-markandeshwar-university-online,"Maharishi Markandeshwar (Deemed to be University) Online",B.Com,"₹0.2L – ₹1.4L",4a,60000,200000,https://edifyedu.in/universities/maharishi-markandeshwar-university-online/bcom,0,150,,,,,
mahatma-gandhi-university-online,"Mahatma Gandhi University Online",MBA,"₹60K – ₹200K",4a,60000,200000,https://edifyedu.in/universities/mahatma-gandhi-university-online/mba,0,151,,,,,
mahatma-jyotiba-phule-rohilkhand-university-online,"MAHATMA JYOTIBA PHULE ROHILKHAND UNIVERSITY Online",BA,"₹37K – ₹90K",4d,75000,180000,https://edifyedu.in/universities/mahatma-jyotiba-phule-rohilkhand-university-online/ba,0,152,,,,,
mahatma-jyotiba-phule-rohilkhand-university-online,"MAHATMA JYOTIBA PHULE ROHILKHAND UNIVERSITY Online",M.Com,"₹52K – ₹125K",4d,75000,180000,https://edifyedu.in/universities/mahatma-jyotiba-phule-rohilkhand-university-online/mcom,0,153,,,,,
mahatma-jyotiba-phule-rohilkhand-university-online,"MAHATMA JYOTIBA PHULE ROHILKHAND UNIVERSITY Online",MA,"₹48K – ₹117K",4d,75000,180000,https://edifyedu.in/universities/mahatma-jyotiba-phule-rohilkhand-university-online/ma,0,154,,,,,
manav-rachna-online,"Manav Rachna Online",MA,"",4b,60000,200000,https://edifyedu.in/universities/manav-rachna-online/ma,0,155,,,,,
manonmaniam-sundaranar-university-online,"Manonmaniam Sundaranar University Online",MA,"",4b,60000,200000,https://edifyedu.in/universities/manonmaniam-sundaranar-university-online/ma,0,156,,,,,
marwadi-university-online,"Marwadi University Online",B.Com,"₹0.1L – ₹0.6L",4a,60000,200000,https://edifyedu.in/universities/marwadi-university-online/bcom,0,157,,,,,
marwadi-university-online,"Marwadi University Online",BBA,"₹0.2L – ₹1.2L",4a,60000,200000,https://edifyedu.in/universities/marwadi-university-online/bba,0,158,,,,,
marwadi-university-online,"Marwadi University Online",MA,"",4b,60000,200000,https://edifyedu.in/universities/marwadi-university-online/ma,0,159,,,,,
marwadi-university-online,"Marwadi University Online",MSc,"₹25K – ₹100K",4a,60000,200000,https://edifyedu.in/universities/marwadi-university-online/msc,0,160,,,,,
mats-university-online,"MATS UNIVERSITY Online",B.Com,"₹33K – ₹82K",4d,60000,150000,https://edifyedu.in/universities/mats-university-online/bcom,0,161,,,,,
mats-university-online,"MATS UNIVERSITY Online",BBA,"₹36K – ₹90K",4d,60000,150000,https://edifyedu.in/universities/mats-university-online/bba,0,162,,,,,
mats-university-online,"MATS UNIVERSITY Online",BCA,"₹36K – ₹90K",4d,60000,150000,https://edifyedu.in/universities/mats-university-online/bca,0,163,,,,,
mats-university-online,"MATS UNIVERSITY Online",MBA,"₹60K – ₹150K",4d,60000,150000,https://edifyedu.in/universities/mats-university-online/mba,0,164,,,,,
mats-university-online,"MATS UNIVERSITY Online",MCA,"Not published",4c,60000,150000,https://edifyedu.in/universities/mats-university-online/mca,0,165,,,,,
meenakshi-academy-higher-education-online,"MEENAKSHI ACADEMY OF HIGHER EDUCATION AND RESEARCH Online",B.Com,"₹41K – ₹99K",4d,75000,180000,https://edifyedu.in/universities/meenakshi-academy-higher-education-online/bcom,0,166,,,,,
meenakshi-academy-higher-education-online,"MEENAKSHI ACADEMY OF HIGHER EDUCATION AND RESEARCH Online",BA,"₹37K – ₹90K",4d,75000,180000,https://edifyedu.in/universities/meenakshi-academy-higher-education-online/ba,0,167,,,,,
meenakshi-academy-higher-education-online,"MEENAKSHI ACADEMY OF HIGHER EDUCATION AND RESEARCH Online",MA,"₹48K – ₹117K",4d,75000,180000,https://edifyedu.in/universities/meenakshi-academy-higher-education-online/ma,0,168,,,,,
mizoram-university-online,"Mizoram University (MZU) Online",MA,"",4b,60000,200000,https://edifyedu.in/universities/mizoram-university-online/ma,0,169,,,,,
mohan-babu-university-online,"Mohan Babu University Online",B.Com,"Not published",4c,0,0,https://edifyedu.in/universities/mohan-babu-university-online/bcom,0,170,,,,,
mohan-babu-university-online,"Mohan Babu University Online",BBA,"Not published",4c,0,0,https://edifyedu.in/universities/mohan-babu-university-online/bba,0,171,,,,,
mohan-babu-university-online,"Mohan Babu University Online",BCA,"Not published",4c,0,0,https://edifyedu.in/universities/mohan-babu-university-online/bca,0,172,,,,,
mohan-babu-university-online,"Mohan Babu University Online",MBA,"Not published",4c,0,0,https://edifyedu.in/universities/mohan-babu-university-online/mba,0,173,,,,,
mohan-babu-university-online,"Mohan Babu University Online",MCA,"Not published",4c,0,0,https://edifyedu.in/universities/mohan-babu-university-online/mca,0,174,,,,,
pp-savani-university-online,"P P Savani University Online",BBA,"₹0.2L – ₹1.2L",4a,60000,200000,https://edifyedu.in/universities/pp-savani-university-online/bba,0,175,,,,,
pp-savani-university-online,"P P Savani University Online",M.Com,"₹25K – ₹100K",4a,60000,200000,https://edifyedu.in/universities/pp-savani-university-online/mcom,0,176,,,,,
pp-savani-university-online,"P P Savani University Online",MA,"",4b,60000,200000,https://edifyedu.in/universities/pp-savani-university-online/ma,0,177,,,,,
pp-savani-university-online,"P P Savani University Online",MSc,"₹32K – ₹130K",4a,60000,200000,https://edifyedu.in/universities/pp-savani-university-online/msc,0,178,,,,,
pt-sundarlal-sharma-open-university-online,"Pt. Sundarlal Sharma (Open) University Online",BA,"Not published",4c,0,0,https://edifyedu.in/universities/pt-sundarlal-sharma-open-university-online/ba,0,179,,,,,
pt-sundarlal-sharma-open-university-online,"Pt. Sundarlal Sharma (Open) University Online",M.Com,"Not published",4c,0,0,https://edifyedu.in/universities/pt-sundarlal-sharma-open-university-online/mcom,0,180,,,,,
pt-sundarlal-sharma-open-university-online,"Pt. Sundarlal Sharma (Open) University Online",MA,"Not published",4c,0,0,https://edifyedu.in/universities/pt-sundarlal-sharma-open-university-online/ma,0,181,,,,,
pt-sundarlal-sharma-open-university-online,"Pt. Sundarlal Sharma (Open) University Online",MBA,"Not published",4c,0,0,https://edifyedu.in/universities/pt-sundarlal-sharma-open-university-online/mba,0,182,,,,,
pt-sundarlal-sharma-open-university-online,"Pt. Sundarlal Sharma (Open) University Online",MSc,"Not published",4c,0,0,https://edifyedu.in/universities/pt-sundarlal-sharma-open-university-online/msc,0,183,,,,,
sage-university-online,"SAGE UNIVERSITY Online",BBA,"₹36K – ₹90K",4d,60000,150000,https://edifyedu.in/universities/sage-university-online/bba,0,184,,,,,
sage-university-online,"SAGE UNIVERSITY Online",BCA,"₹36K – ₹90K",4d,60000,150000,https://edifyedu.in/universities/sage-university-online/bca,0,185,,,,,
sage-university-online,"SAGE UNIVERSITY Online",M.Com,"₹42K – ₹105K",4d,60000,150000,https://edifyedu.in/universities/sage-university-online/mcom,0,186,,,,,
sage-university-online,"SAGE UNIVERSITY Online",MA,"₹39K – ₹97K",4d,60000,150000,https://edifyedu.in/universities/sage-university-online/ma,0,187,,,,,
sage-university-online,"SAGE UNIVERSITY Online",MBA,"₹60K – ₹150K",4d,60000,150000,https://edifyedu.in/universities/sage-university-online/mba,0,188,,,,,
sandip-university-online,"Sandip University Online",BBA,"Not published",4c,0,0,https://edifyedu.in/universities/sandip-university-online/bba,0,189,,,,,
sandip-university-online,"Sandip University Online",MBA,"Not published",4c,0,0,https://edifyedu.in/universities/sandip-university-online/mba,0,190,,,,,
saveetha-university-online,"Saveetha Institute of Medical and Technical Sciences Online",B.Com,"Not published",4c,0,0,https://edifyedu.in/universities/saveetha-university-online/bcom,0,191,,,,,
sgt-university-online,"SGT University Online",MBA,"₹0.5L – ₹3.0L",4a,60000,200000,https://edifyedu.in/universities/sgt-university-online/mba,0,192,,,,,
sharda-university-online,"Sharda University Online",BCA,"₹0.2L – ₹1.5L",4a,140000,154500,https://edifyedu.in/universities/sharda-university-online/bca,0,193,,,,,
shivaji-university-online,"SHIVAJI UNIVERSITY Online",M.Com,"₹62K – ₹140K",4d,90000,200000,https://edifyedu.in/universities/shivaji-university-online/mcom,0,194,,,,,
shivaji-university-online,"SHIVAJI UNIVERSITY Online",MBA,"₹90K – ₹200K",4d,90000,200000,https://edifyedu.in/universities/shivaji-university-online/mba,0,195,,,,,
shoolini-university-online,"Shoolini University Online",MA,"",4b,130000,158000,https://edifyedu.in/universities/shoolini-university-online/ma,0,196,,,,,
silver-oak-university-online,"Silver Oak University Online",BBA,"Not published",4c,0,0,https://edifyedu.in/universities/silver-oak-university-online/bba,0,197,,,,,
silver-oak-university-online,"Silver Oak University Online",BCA,"Not published",4c,0,0,https://edifyedu.in/universities/silver-oak-university-online/bca,0,198,,,,,
silver-oak-university-online,"Silver Oak University Online",M.Com,"Not published",4c,0,0,https://edifyedu.in/universities/silver-oak-university-online/mcom,0,199,,,,,
silver-oak-university-online,"Silver Oak University Online",MA,"Not published",4c,0,0,https://edifyedu.in/universities/silver-oak-university-online/ma,0,200,,,,,
silver-oak-university-online,"Silver Oak University Online",MBA,"Not published",4c,0,0,https://edifyedu.in/universities/silver-oak-university-online/mba,0,201,,,,,
silver-oak-university-online,"Silver Oak University Online",MCA,"Not published",4c,0,0,https://edifyedu.in/universities/silver-oak-university-online/mca,0,202,,,,,
sri-siddhartha-academy-online,"Sri Siddhartha Academy of Higher Education Online",MCA,"Not published",4c,0,0,https://edifyedu.in/universities/sri-siddhartha-academy-online/mca,0,203,,,,,
sri-venkateswara-university-online,"Sri Venkateswara University Online",M.Com,"Not published",4c,0,0,https://edifyedu.in/universities/sri-venkateswara-university-online/mcom,0,204,,,,,
sri-venkateswara-university-online,"Sri Venkateswara University Online",MA,"Not published",4c,0,0,https://edifyedu.in/universities/sri-venkateswara-university-online/ma,0,205,,,,,
sri-venkateswara-university-online,"Sri Venkateswara University Online",MBA,"Not published",4c,0,0,https://edifyedu.in/universities/sri-venkateswara-university-online/mba,0,206,,,,,
sri-venkateswara-university-online,"Sri Venkateswara University Online",MCA,"Not published",4c,0,0,https://edifyedu.in/universities/sri-venkateswara-university-online/mca,0,207,,,,,
srinivas-university-online,"Srinivas University Online",B.Com,"Not published",4c,0,0,https://edifyedu.in/universities/srinivas-university-online/bcom,0,208,,,,,
srinivas-university-online,"Srinivas University Online",BBA,"Not published",4c,0,0,https://edifyedu.in/universities/srinivas-university-online/bba,0,209,,,,,
srinivas-university-online,"Srinivas University Online",BCA,"Not published",4c,0,0,https://edifyedu.in/universities/srinivas-university-online/bca,0,210,,,,,
srinivas-university-online,"Srinivas University Online",MBA,"Not published",4c,0,0,https://edifyedu.in/universities/srinivas-university-online/mba,0,211,,,,,
srinivas-university-online,"Srinivas University Online",MCA,"Not published",4c,0,0,https://edifyedu.in/universities/srinivas-university-online/mca,0,212,,,,,
st-aloysius-university-online,"St Aloysius (Deemed to be University) Online",M.Com,"Not published",4c,0,0,https://edifyedu.in/universities/st-aloysius-university-online/mcom,0,213,,,,,
st-aloysius-university-online,"St Aloysius (Deemed to be University) Online",MBA,"Not published",4c,0,0,https://edifyedu.in/universities/st-aloysius-university-online/mba,0,214,,,,,
st-aloysius-university-online,"St Aloysius (Deemed to be University) Online",MCA,"Not published",4c,0,0,https://edifyedu.in/universities/st-aloysius-university-online/mca,0,215,,,,,
swami-rama-himalayan-university-online,"Swami Rama Himalayan University Online",B.Com,"Not published",4c,0,0,https://edifyedu.in/universities/swami-rama-himalayan-university-online/bcom,0,216,,,,,
swami-rama-himalayan-university-online,"Swami Rama Himalayan University Online",BBA,"Not published",4c,0,0,https://edifyedu.in/universities/swami-rama-himalayan-university-online/bba,0,217,,,,,
swami-rama-himalayan-university-online,"Swami Rama Himalayan University Online",BCA,"Not published",4c,0,0,https://edifyedu.in/universities/swami-rama-himalayan-university-online/bca,0,218,,,,,
swami-rama-himalayan-university-online,"Swami Rama Himalayan University Online",MBA,"Not published",4c,0,0,https://edifyedu.in/universities/swami-rama-himalayan-university-online/mba,0,219,,,,,
swami-rama-himalayan-university-online,"Swami Rama Himalayan University Online",MCA,"Not published",4c,0,0,https://edifyedu.in/universities/swami-rama-himalayan-university-online/mca,0,220,,,,,
university-of-calicut-online,"University of Calicut Online",BA,"Not published",4c,0,0,https://edifyedu.in/universities/university-of-calicut-online/ba,0,221,,,,,
university-of-calicut-online,"University of Calicut Online",M.Com,"Not published",4c,0,0,https://edifyedu.in/universities/university-of-calicut-online/mcom,0,222,,,,,
university-of-calicut-online,"University of Calicut Online",MA,"Not published",4c,0,0,https://edifyedu.in/universities/university-of-calicut-online/ma,0,223,,,,,
university-of-calicut-online,"University of Calicut Online",MBA,"Not published",4c,0,0,https://edifyedu.in/universities/university-of-calicut-online/mba,0,224,,,,,
university-of-jammu-online,"UNIVERSITY OF JAMMU Online",M.Com,"₹52K – ₹125K",4d,75000,180000,https://edifyedu.in/universities/university-of-jammu-online/mcom,0,225,,,,,
university-of-jammu-online,"UNIVERSITY OF JAMMU Online",MA,"₹48K – ₹117K",4d,75000,180000,https://edifyedu.in/universities/university-of-jammu-online/ma,0,226,,,,,
university-of-kerala-online,"UNIVERSITY OF KERALA Online",B.Com,"₹49K – ₹110K",4d,90000,200000,https://edifyedu.in/universities/university-of-kerala-online/bcom,0,227,,,,,
university-of-kerala-online,"UNIVERSITY OF KERALA Online",BBA,"₹54K – ₹120K",4d,90000,200000,https://edifyedu.in/universities/university-of-kerala-online/bba,0,228,,,,,
university-of-kerala-online,"UNIVERSITY OF KERALA Online",M.Com,"₹62K – ₹140K",4d,90000,200000,https://edifyedu.in/universities/university-of-kerala-online/mcom,0,229,,,,,
university-of-kerala-online,"UNIVERSITY OF KERALA Online",MBA,"₹90K – ₹200K",4d,90000,200000,https://edifyedu.in/universities/university-of-kerala-online/mba,0,230,,,,,
university-of-mumbai-online,"UNIVERSITY OF MUMBAI Online",BBA,"",4b,90000,200000,https://edifyedu.in/universities/university-of-mumbai-online/bba,0,231,,,,,
university-of-mumbai-online,"UNIVERSITY OF MUMBAI Online",BCA,"",4b,90000,200000,https://edifyedu.in/universities/university-of-mumbai-online/bca,0,232,,,,,
university-of-mumbai-online,"UNIVERSITY OF MUMBAI Online",MA,"₹58K – ₹130K",4d,90000,200000,https://edifyedu.in/universities/university-of-mumbai-online/ma,0,233,,,,,
university-of-mumbai-online,"UNIVERSITY OF MUMBAI Online",MCA,"",4b,90000,200000,https://edifyedu.in/universities/university-of-mumbai-online/mca,0,234,,,,,
university-of-mysore-online,"University of Mysore Online",MCA,"Not published",4c,60000,200000,https://edifyedu.in/universities/university-of-mysore-online/mca,0,235,,,,,
upes-online,"University of Petroleum & Energy Studies (UPES) Online",BCA,"₹60K – ₹200K",4a,175000,220000,https://edifyedu.in/universities/upes-online/bca,0,236,,,,,
upes-online,"University of Petroleum & Energy Studies (UPES) Online",MCA,"Not published",4c,175000,220000,https://edifyedu.in/universities/upes-online/mca,0,237,,,,,
vels-university-online,"Vels Institute of Science, Technology & Advanced Online",BBA,"₹0.1L – ₹0.8L",4a,60000,200000,https://edifyedu.in/universities/vels-university-online/bba,0,238,,,,,
vignan-university-online,"Vignan's Foundation for Science, Technology & Research Online",BBA,"",4b,90000,90000,https://edifyedu.in/universities/vignan-university-online/bba,0,239,,,,,
vivekananda-global-university-online,"Vivekananda Global University Online",MA,"",4b,60000,200000,https://edifyedu.in/universities/vivekananda-global-university-online/ma,0,240,,,,,
vivekananda-global-university-online,"Vivekananda Global University Online",MCA,"Not published",4c,60000,200000,https://edifyedu.in/universities/vivekananda-global-university-online/mca,0,241,,,,,
vtu-online,"Visvesvaraya Technological University (VTU) Online",MCA,"Not published",4c,60000,200000,https://edifyedu.in/universities/vtu-online/mca,0,242,,,,,
