university_slug,university_display_name,program,current_pd_fees_value,suppression_rule,programFees_value_if_any,feeMin,feeMax,live_url,gsc_impressions,priority_rank,VERIFIED_TOTAL_FEE,VERIFIED_PER_SEM_FEE,VERIFIED_REGISTRATION_FEE,SOURCE_NOTE,VERIFIED_DATE
chitkara-university-online,Chitkara University Online,BCA,₹60K – ₹200K,4a,,200000,200000,https://edifyedu.in/universities/chitkara-university-online/bca,3162,1,,,,"REMOVED: programme does not exist at Chitkara Online; page purged and 301 redirected to /universities/chitkara-university-online",2026-08-04
gls-university-online,GLS University Online,BBA,₹60K – ₹200K,4a,,60000,200000,https://edifyedu.in/universities/gls-university-online/bba,2949,2,,,,"INTENTIONALLY BLANK: GLS does not publish any fees on its website (verified 2026-08-04); page must stay on counsellor CTA",2026-08-04
dy-patil-university-online,"D.Y. Patil University, Navi Mumbai Online",BBA,₹60K – ₹200K,4a,,60000,200000,https://edifyedu.in/universities/dy-patil-university-online/bba,2858,3,130000,22000,,"official DYPU Navi Mumbai fee page, screenshot verified",2026-08-04
kurukshetra-university-online,Kurukshetra University Online,BBA,₹60K – ₹200K,4a,,102000,102000,https://edifyedu.in/universities/kurukshetra-university-online/bba,2685,4,72661,12000,,"official Kurukshetra University Online fee page, screenshot verified (first semester 12661; per-sem 12000 thereafter)",2026-08-04
gla-university-online,GLA University Online,BCA,₹60K – ₹200K,4a,,140000,220000,https://edifyedu.in/universities/gla-university-online/bca,2625,5,99800,14750,500,"official GLA University Online fee page, screenshot verified (tuition 88500 + exam 9000 + alumni 1800 + reg 500)",2026-08-04
gls-university-online,GLS University Online,BCA,₹60K – ₹200K,4a,,60000,200000,https://edifyedu.in/universities/gls-university-online/bca,2286,6,,,,"INTENTIONALLY BLANK: GLS does not publish fees on its website (verified 2026-08-04)",2026-08-04
chitkara-university-online,Chitkara University Online,B.Com,₹60K – ₹200K,4a,,200000,200000,https://edifyedu.in/universities/chitkara-university-online/bcom,1944,7,,,,"REMOVED: programme does not exist at Chitkara Online; page purged and 301 redirected to /universities/chitkara-university-online",2026-08-04
chandigarh-university-online,Chandigarh University Online,BCA,₹60K – ₹200K,4a,177000,165000,220000,https://edifyedu.in/universities/chandigarh-university-online/bca,1892,8,177000,23600,,"official Chandigarh University Online fee page, screenshot verified (sticker total; 20% Early Bird Scholarship available brings to 141600 — sticker used per Sprint 1 rule)",2026-08-04
gla-university-online,GLA University Online,BBA,₹60K – ₹200K,4a,,140000,220000,https://edifyedu.in/universities/gla-university-online/bba,1801,9,99800,14750,500,"official GLA University Online fee page, screenshot verified (tuition 88500 + exam 9000 + alumni 1800 + reg 500)",2026-08-04
dy-patil-university-online,"D.Y. Patil University, Navi Mumbai Online",BCA,₹60K – ₹200K,4a,,60000,200000,https://edifyedu.in/universities/dy-patil-university-online/bca,1719,10,132000,22000,,"official DYPU Navi Mumbai fee page, screenshot verified",2026-08-04
gls-university-online,GLS University Online,B.Com,₹60K – ₹200K,4a,,60000,200000,https://edifyedu.in/universities/gls-university-online/bcom,1075,11,,,,"INTENTIONALLY BLANK: GLS does not publish fees on its website (verified 2026-08-04)",2026-08-04
ignou-online,Indira Gandhi National Open University (IGNOU) Online,MCA,"₹27,000",4b,50800,66000,66000,https://edifyedu.in/universities/ignou-online/mca,1037,12,,,,"INTENTIONALLY BLANK: per-sem 13000 + registration + development fee confirmed, but number of semesters not yet confirmed — do not compute total until confirmed",2026-08-04
alagappa-university-online,Alagappa University Online,B.Com,₹0.1L – ₹0.6L,4a,,60000,200000,https://edifyedu.in/universities/alagappa-university-online/bcom,0,13,,,,,
alliance-university-online,Alliance University Online,B.Com,₹0.1L – ₹0.8L,4a,,160000,175000,https://edifyedu.in/universities/alliance-university-online/bcom,0,14,,,,,
alliance-university-online,Alliance University Online,BBA,₹0.2L – ₹1.1L,4a,,160000,175000,https://edifyedu.in/universities/alliance-university-online/bba,0,15,,,,,
assam-don-bosco-university-online,Assam Don Bosco University Online,BBA,₹60K – ₹200K,4a,,60000,200000,https://edifyedu.in/universities/assam-don-bosco-university-online/bba,0,16,,,,,
assam-don-bosco-university-online,Assam Don Bosco University Online,BCA,₹60K – ₹200K,4a,,60000,200000,https://edifyedu.in/universities/assam-don-bosco-university-online/bca,0,17,,,,,
assam-don-bosco-university-online,Assam Don Bosco University Online,MBA,₹60K – ₹200K,4a,,60000,200000,https://edifyedu.in/universities/assam-don-bosco-university-online/mba,0,18,,,,,
bharathidasan-university-online,Bharathidasan University Online,MBA,₹60K – ₹200K,4a,,60000,200000,https://edifyedu.in/universities/bharathidasan-university-online/mba,0,19,,,,,
bharati-vidyapeeth-university-online,Bharati Vidyapeeth (Deemed to be University) Online,BBA,₹60K – ₹200K,4a,,160000,160000,https://edifyedu.in/universities/bharati-vidyapeeth-university-online/bba,0,20,,,,,
bharati-vidyapeeth-university-online,Bharati Vidyapeeth (Deemed to be University) Online,BCA,₹60K – ₹200K,4a,,160000,160000,https://edifyedu.in/universities/bharati-vidyapeeth-university-online/bca,0,21,,,,,
chandigarh-university-online,Chandigarh University Online,BBA,₹0.3L – ₹1.9L,4a,,165000,220000,https://edifyedu.in/universities/chandigarh-university-online/bba,0,22,,,,,
chandigarh-university-online,Chandigarh University Online,MSc,₹0.3L – ₹1.5L,4a,,165000,220000,https://edifyedu.in/universities/chandigarh-university-online/msc,0,23,,,,,
chitkara-university-online,Chitkara University Online,BBA,₹60K – ₹200K,4a,,200000,200000,https://edifyedu.in/universities/chitkara-university-online/bba,0,24,,,,,
christ-university-online,Christ (Deemed to be University) Online,B.Com,₹50K – ₹160K,4a,,60000,200000,https://edifyedu.in/universities/christ-university-online/bcom,0,25,,,,,
desh-bhagat-university-online,Desh Bhagat University Online,B.Com,₹60K – ₹200K,4a,,60000,200000,https://edifyedu.in/universities/desh-bhagat-university-online/bcom,0,26,,,,,
desh-bhagat-university-online,Desh Bhagat University Online,BBA,₹60K – ₹200K,4a,,60000,200000,https://edifyedu.in/universities/desh-bhagat-university-online/bba,0,27,,,,,
desh-bhagat-university-online,Desh Bhagat University Online,MBA,₹60K – ₹200K,4a,,60000,200000,https://edifyedu.in/universities/desh-bhagat-university-online/mba,0,28,,,,,
galgotias-university-online,Galgotias University Online,M.Com,₹60K – ₹200K,4a,,76200,86400,https://edifyedu.in/universities/galgotias-university-online/mcom,0,29,,,,,
gla-university-online,GLA University Online,B.Com,₹60K – ₹200K,4a,,140000,220000,https://edifyedu.in/universities/gla-university-online/bcom,0,30,,,,,
gls-university-online,GLS University Online,MBA,₹0.5L – ₹3.0L,4a,,60000,200000,https://edifyedu.in/universities/gls-university-online/mba,0,31,,,,,
iift-online,Indian Institute of Foreign Trade (IIFT) Online,MBA,₹60K – ₹200K,4a,,60000,200000,https://edifyedu.in/universities/iift-online/mba,0,32,,,,,
integral-university-online,Integral University Online,BCA,₹0.1L – ₹0.6L,4a,,110000,110000,https://edifyedu.in/universities/integral-university-online/bca,0,33,,,,,
jain-university-online,JAIN (Deemed-to-be University) Online,BBA,₹0.3L – ₹2.8L,4a,,160000,196000,https://edifyedu.in/universities/jain-university-online/bba,0,34,,,,,
jaypee-university-online,Jaypee Institute of Information Technology Online,BBA,₹0.2L – ₹1.2L,4a,,175000,175000,https://edifyedu.in/universities/jaypee-university-online/bba,0,35,,,,,
jss-university-online,JSS Academy of Higher Education & Research (JSS AHER) Online,BBA,₹0.1L – ₹0.9L,4a,,60000,200000,https://edifyedu.in/universities/jss-university-online/bba,0,36,,,,,
karnataka-state-open-university-online,Karnataka State Open University (KSOU) Online,B.Com,₹0.1L – ₹0.7L,4a,,60000,200000,https://edifyedu.in/universities/karnataka-state-open-university-online/bcom,0,37,,,,,
karunya-university-online,Karunya Institute of Technology and Sciences (KCODE) Online,B.Com,₹0.1L – ₹0.9L,4a,,60000,200000,https://edifyedu.in/universities/karunya-university-online/bcom,0,38,,,,,
kiit-university-online,KIIT Deemed to be University Online,M.Com,₹29K – ₹119K,4a,,60000,200000,https://edifyedu.in/universities/kiit-university-online/mcom,0,39,,,,,
kurukshetra-university-online,Kurukshetra University Online,B.Com,₹60K – ₹200K,4a,,102000,102000,https://edifyedu.in/universities/kurukshetra-university-online/bcom,0,40,,,,,
kurukshetra-university-online,Kurukshetra University Online,M.Com,₹60K – ₹200K,4a,,102000,102000,https://edifyedu.in/universities/kurukshetra-university-online/mcom,0,41,,,,,
lovely-professional-university-online,Lovely Professional University Online,BA,₹0.1L – ₹0.9L,4a,,161600,200000,https://edifyedu.in/universities/lovely-professional-university-online/ba,0,42,,,,,
lovely-professional-university-online,Lovely Professional University Online,BBA,₹0.2L – ₹1.5L,4a,,161600,200000,https://edifyedu.in/universities/lovely-professional-university-online/bba,0,43,,,,,
lovely-professional-university-online,Lovely Professional University Online,BCA,₹0.2L – ₹1.2L,4a,122400,161600,200000,https://edifyedu.in/universities/lovely-professional-university-online/bca,0,44,,,,,
lovely-professional-university-online,Lovely Professional University Online,M.Com,₹20K – ₹70K,4a,,161600,200000,https://edifyedu.in/universities/lovely-professional-university-online/mcom,0,45,,,,,
lovely-professional-university-online,Lovely Professional University Online,MSc,₹14K – ₹56K,4a,,161600,200000,https://edifyedu.in/universities/lovely-professional-university-online/msc,0,46,,,,,
maharishi-markandeshwar-university-online,Maharishi Markandeshwar (Deemed to be University) Online,B.Com,₹0.2L – ₹1.4L,4a,,60000,200000,https://edifyedu.in/universities/maharishi-markandeshwar-university-online/bcom,0,47,,,,,
mahatma-gandhi-university-online,Mahatma Gandhi University Online,MBA,₹60K – ₹200K,4a,,60000,200000,https://edifyedu.in/universities/mahatma-gandhi-university-online/mba,0,48,,,,,
mangalayatan-university-online,Mangalayatan University Online,BBA,₹31K – ₹103K,4a,,60000,200000,https://edifyedu.in/universities/mangalayatan-university-online/bba,0,49,,,,,
manipal-academy-higher-education-online,Manipal Academy of Higher Education (MAHE) Online,B.Com,₹0.3L – ₹1.7L,4a,,292000,292000,https://edifyedu.in/universities/manipal-academy-higher-education-online/bcom,0,50,,,,,
manipal-academy-higher-education-online,Manipal Academy of Higher Education (MAHE) Online,MSc,₹60K – ₹240K,4a,,292000,292000,https://edifyedu.in/universities/manipal-academy-higher-education-online/msc,0,51,,,,,
manipal-university-jaipur-online,Manipal University Jaipur (MUJ) Online,B.Com,₹0.2L – ₹1.0L,4a,,153000,180000,https://edifyedu.in/universities/manipal-university-jaipur-online/bcom,0,52,,,,,
manipal-university-jaipur-online,Manipal University Jaipur (MUJ) Online,M.Com,₹30K – ₹120K,4a,,153000,180000,https://edifyedu.in/universities/manipal-university-jaipur-online/mcom,0,53,,,,,
manipal-university-jaipur-online,Manipal University Jaipur (MUJ) Online,MSc,₹30K – ₹120K,4a,,153000,180000,https://edifyedu.in/universities/manipal-university-jaipur-online/msc,0,54,,,,,
marwadi-university-online,Marwadi University Online,B.Com,₹0.1L – ₹0.6L,4a,,60000,200000,https://edifyedu.in/universities/marwadi-university-online/bcom,0,55,,,,,
marwadi-university-online,Marwadi University Online,BBA,₹0.2L – ₹1.2L,4a,,60000,200000,https://edifyedu.in/universities/marwadi-university-online/bba,0,56,,,,,
marwadi-university-online,Marwadi University Online,BCA,₹0.2L – ₹1.2L,4a,,60000,200000,https://edifyedu.in/universities/marwadi-university-online/bca,0,57,,,,,
marwadi-university-online,Marwadi University Online,MSc,₹25K – ₹100K,4a,,60000,200000,https://edifyedu.in/universities/marwadi-university-online/msc,0,58,,,,,
nmims-online,NMIMS (Narsee Monjee Institute of Management Studies) Online,B.Com,₹60K – ₹200K,4a,,196000,220000,https://edifyedu.in/universities/nmims-online/bcom,0,59,,,,,
nmims-online,NMIMS (Narsee Monjee Institute of Management Studies) Online,BBA,₹60K – ₹200K,4a,,196000,220000,https://edifyedu.in/universities/nmims-online/bba,0,60,,,,,
noida-international-university-online,Noida International University Online,BBA,₹0.2L – ₹1.1L,4a,,88500,97600,https://edifyedu.in/universities/noida-international-university-online/bba,0,61,,,,,
parul-university-online,Parul University Online,BBA,₹18K – ₹70K,4a,,60000,200000,https://edifyedu.in/universities/parul-university-online/bba,0,62,,,,,
parul-university-online,Parul University Online,BCA,₹0.1L – ₹0.9L,4a,,60000,200000,https://edifyedu.in/universities/parul-university-online/bca,0,63,,,,,
parul-university-online,Parul University Online,M.Com,₹15K – ₹60K,4a,,60000,200000,https://edifyedu.in/universities/parul-university-online/mcom,0,64,,,,,
pp-savani-university-online,P P Savani University Online,BBA,₹0.2L – ₹1.2L,4a,,60000,200000,https://edifyedu.in/universities/pp-savani-university-online/bba,0,65,,,,,
pp-savani-university-online,P P Savani University Online,BCA,₹0.2L – ₹1.5L,4a,,60000,200000,https://edifyedu.in/universities/pp-savani-university-online/bca,0,66,,,,,
pp-savani-university-online,P P Savani University Online,M.Com,₹25K – ₹100K,4a,,60000,200000,https://edifyedu.in/universities/pp-savani-university-online/mcom,0,67,,,,,
pp-savani-university-online,P P Savani University Online,MSc,₹32K – ₹130K,4a,,60000,200000,https://edifyedu.in/universities/pp-savani-university-online/msc,0,68,,,,,
savitribai-phule-pune-university-online,Savitribai Phule Pune University (SPPU) Online,BBA,₹60K – ₹200K,4a,,60000,200000,https://edifyedu.in/universities/savitribai-phule-pune-university-online/bba,0,69,,,,,
savitribai-phule-pune-university-online,Savitribai Phule Pune University (SPPU) Online,BCA,₹60K – ₹200K,4a,,60000,200000,https://edifyedu.in/universities/savitribai-phule-pune-university-online/bca,0,70,,,,,
sgt-university-online,SGT University Online,B.Com,₹60K – ₹200K,4a,,60000,200000,https://edifyedu.in/universities/sgt-university-online/bcom,0,71,,,,,
sgt-university-online,SGT University Online,BBA,₹60K – ₹200K,4a,,60000,200000,https://edifyedu.in/universities/sgt-university-online/bba,0,72,,,,,
sgt-university-online,SGT University Online,BCA,₹60K – ₹200K,4a,,60000,200000,https://edifyedu.in/universities/sgt-university-online/bca,0,73,,,,,
sgt-university-online,SGT University Online,MBA,₹0.5L – ₹3.0L,4a,,60000,200000,https://edifyedu.in/universities/sgt-university-online/mba,0,74,,,,,
sharda-university-online,Sharda University Online,BBA,₹0.2L – ₹1.5L,4a,,140000,154500,https://edifyedu.in/universities/sharda-university-online/bba,0,75,,,,,
sharda-university-online,Sharda University Online,BCA,₹0.2L – ₹1.5L,4a,120000,140000,154500,https://edifyedu.in/universities/sharda-university-online/bca,0,76,,,,,
shoolini-university-online,Shoolini University Online,BBA,₹0.1L – ₹1.2L,4a,,118000,130000,https://edifyedu.in/universities/shoolini-university-online/bba,0,77,,,,,
sikkim-manipal-university-online,Sikkim Manipal University Online,B.Com,₹0.1L – ₹0.8L,4a,,120000,120000,https://edifyedu.in/universities/sikkim-manipal-university-online/bcom,0,78,,,,,
sikkim-manipal-university-online,Sikkim Manipal University Online,BA,₹0.1L – ₹0.8L,4a,,120000,120000,https://edifyedu.in/universities/sikkim-manipal-university-online/ba,0,79,,,,,
sikkim-manipal-university-online,Sikkim Manipal University Online,M.Com,₹18K – ₹75K,4a,,120000,120000,https://edifyedu.in/universities/sikkim-manipal-university-online/mcom,0,80,,,,,
symbiosis-university-online,"Symbiosis School for Online and Digital Learning (SSODL), Pune Online",BBA,₹0.2L – ₹1.5L,4a,,315000,370000,https://edifyedu.in/universities/symbiosis-university-online/bba,0,81,,,,,
symbiosis-university-online,"Symbiosis School for Online and Digital Learning (SSODL), Pune Online",BCA,₹0.2L – ₹1.2L,4a,157500,315000,370000,https://edifyedu.in/universities/symbiosis-university-online/bca,0,82,,,,,
symbiosis-university-online,"Symbiosis School for Online and Digital Learning (SSODL), Pune Online",BSc,₹0.2L – ₹1.5L,4a,,315000,370000,https://edifyedu.in/universities/symbiosis-university-online/bsc,0,83,,,,,
symbiosis-university-online,"Symbiosis School for Online and Digital Learning (SSODL), Pune Online",MSc,₹35K – ₹140K,4a,,315000,370000,https://edifyedu.in/universities/symbiosis-university-online/msc,0,84,,,,,
upes-online,University of Petroleum & Energy Studies (UPES) Online,BCA,₹60K – ₹200K,4a,,175000,220000,https://edifyedu.in/universities/upes-online/bca,0,85,,,,,
uttaranchal-university-online,Uttaranchal University Online,BA,₹0.1L – ₹0.7L,4a,,94000,98000,https://edifyedu.in/universities/uttaranchal-university-online/ba,0,86,,,,,
uttaranchal-university-online,Uttaranchal University Online,BBA,₹0.2L – ₹1.0L,4a,,94000,98000,https://edifyedu.in/universities/uttaranchal-university-online/bba,0,87,,,,,
uttaranchal-university-online,Uttaranchal University Online,BCA,₹0.2L – ₹1.0L,4a,,94000,98000,https://edifyedu.in/universities/uttaranchal-university-online/bca,0,88,,,,,
vels-university-online,"Vels Institute of Science, Technology & Advanced Online",BBA,₹0.1L – ₹0.8L,4a,,60000,200000,https://edifyedu.in/universities/vels-university-online/bba,0,89,,,,,
aligarh-muslim-university-online,Aligarh Muslim University Online,MA,,4b,,60000,200000,https://edifyedu.in/universities/aligarh-muslim-university-online/ma,0,90,,,,,
andhra-university-online,Andhra University Online,MCA,,4b,,60000,200000,https://edifyedu.in/universities/andhra-university-online/mca,0,91,,,,,
anna-university-online,Anna University Online,MCA,,4b,,60000,200000,https://edifyedu.in/universities/anna-university-online/mca,0,92,,,,,
assam-don-bosco-university-online,Assam Don Bosco University Online,MA,,4b,,60000,200000,https://edifyedu.in/universities/assam-don-bosco-university-online/ma,0,93,,,,,
bharathidasan-university-online,Bharathidasan University Online,MA,,4b,,60000,200000,https://edifyedu.in/universities/bharathidasan-university-online/ma,0,94,,,,,
central-university-himachal-pradesh-online,Central University of Himachal Pradesh Online,MA,,4b,,60000,200000,https://edifyedu.in/universities/central-university-himachal-pradesh-online/ma,0,95,,,,,
central-university-himachal-pradesh-online,Central University of Himachal Pradesh Online,MCA,,4b,,60000,200000,https://edifyedu.in/universities/central-university-himachal-pradesh-online/mca,0,96,,,,,
chandigarh-university-online,Chandigarh University Online,MA,,4b,,165000,220000,https://edifyedu.in/universities/chandigarh-university-online/ma,0,97,,,,,
dr-babasaheb-ambedkar-open-university-online,Dr. Babasaheb Ambedkar Open University Online,MA,,4b,,60000,200000,https://edifyedu.in/universities/dr-babasaheb-ambedkar-open-university-online/ma,0,98,,,,,
galgotias-university-online,Galgotias University Online,MA,,4b,,76200,86400,https://edifyedu.in/universities/galgotias-university-online/ma,0,99,,,,,
gls-university-online,GLS University Online,M.Com,,4b,,60000,200000,https://edifyedu.in/universities/gls-university-online/mcom,0,100,,,,,
gls-university-online,GLS University Online,MCA,,4b,,60000,200000,https://edifyedu.in/universities/gls-university-online/mca,0,101,,,,,
gujarat-university-online,Gujarat University Online,MA,,4b,,60000,200000,https://edifyedu.in/universities/gujarat-university-online/ma,0,102,,,,,
guru-ghasidas-vishwavidyalaya-online,Guru Ghasidas Vishwavidyalaya (GGU) Online,MA,,4b,,60000,200000,https://edifyedu.in/universities/guru-ghasidas-vishwavidyalaya-online/ma,0,103,,,,,
hindustan-institute-technology-online,Hindustan Institute of Technology and Science (CODE) Online,B.Com,,4b,,60000,200000,https://edifyedu.in/universities/hindustan-institute-technology-online/bcom,0,104,,,,,
hindustan-institute-technology-online,Hindustan Institute of Technology and Science (CODE) Online,BBA,,4b,,60000,200000,https://edifyedu.in/universities/hindustan-institute-technology-online/bba,0,105,,,,,
hindustan-institute-technology-online,Hindustan Institute of Technology and Science (CODE) Online,BCA,,4b,,60000,200000,https://edifyedu.in/universities/hindustan-institute-technology-online/bca,0,106,,,,,
ignou-online,Indira Gandhi National Open University (IGNOU) Online,BCA,"₹21,600",4b,49800,66000,66000,https://edifyedu.in/universities/ignou-online/bca,0,107,,,,"INTENTIONALLY BLANK: prior '90' value was a credit-count entry error, not a fee. IGNOU BCA total needs same semester-count confirmation as MCA before backfill",2026-08-04
integral-university-online,Integral University Online,MA,,4b,,110000,110000,https://edifyedu.in/universities/integral-university-online/ma,0,108,,,,,
integral-university-online,Integral University Online,MCA,,4b,,110000,110000,https://edifyedu.in/universities/integral-university-online/mca,0,109,,,,,
jain-university-online,JAIN (Deemed-to-be University) Online,MA,,4b,,160000,196000,https://edifyedu.in/universities/jain-university-online/ma,0,110,,,,,
karnataka-state-open-university-online,Karnataka State Open University (KSOU) Online,MA,,4b,,60000,200000,https://edifyedu.in/universities/karnataka-state-open-university-online/ma,0,111,,,,,
karnataka-state-open-university-online,Karnataka State Open University (KSOU) Online,MCA,,4b,,60000,200000,https://edifyedu.in/universities/karnataka-state-open-university-online/mca,0,112,,,,,
kiit-university-online,KIIT Deemed to be University Online,B.Com,,4b,,60000,200000,https://edifyedu.in/universities/kiit-university-online/bcom,0,113,,,,,
kiit-university-online,KIIT Deemed to be University Online,MA,,4b,,60000,200000,https://edifyedu.in/universities/kiit-university-online/ma,0,114,,,,,
kl-university-online,Koneru Lakshmaiah Education Foundation (KL University) Online,MBA,₹65K – ₹85K,4b,,65500,65500,https://edifyedu.in/universities/kl-university-online/mba,0,115,73500,,1000,"official KL University Online fee page, screenshot verified (tuition 64000 over 4 sems + exam 2000 + LMS 6000 + reg 1000)",2026-08-04
lovely-professional-university-online,Lovely Professional University Online,MA,,4b,,161600,200000,https://edifyedu.in/universities/lovely-professional-university-online/ma,0,116,,,,,
madurai-kamaraj-university-online,MADURAI KAMARAJ UNIVERSITY Online,BCA,,4b,,75000,180000,https://edifyedu.in/universities/madurai-kamaraj-university-online/bca,0,117,,,,,
madurai-kamaraj-university-online,MADURAI KAMARAJ UNIVERSITY Online,MCA,,4b,,75000,180000,https://edifyedu.in/universities/madurai-kamaraj-university-online/mca,0,118,,,,,
manav-rachna-online,Manav Rachna Online,MA,,4b,,60000,200000,https://edifyedu.in/universities/manav-rachna-online/ma,0,119,,,,,
manipal-university-jaipur-online,Manipal University Jaipur (MUJ) Online,MA,,4b,,153000,180000,https://edifyedu.in/universities/manipal-university-jaipur-online/ma,0,120,,,,,
manonmaniam-sundaranar-university-online,Manonmaniam Sundaranar University Online,MA,,4b,,60000,200000,https://edifyedu.in/universities/manonmaniam-sundaranar-university-online/ma,0,121,,,,,
marwadi-university-online,Marwadi University Online,MA,,4b,,60000,200000,https://edifyedu.in/universities/marwadi-university-online/ma,0,122,,,,,
mizoram-university-online,Mizoram University (MZU) Online,MA,,4b,,60000,200000,https://edifyedu.in/universities/mizoram-university-online/ma,0,123,,,,,
parul-university-online,Parul University Online,MA,,4b,,60000,200000,https://edifyedu.in/universities/parul-university-online/ma,0,124,,,,,
pp-savani-university-online,P P Savani University Online,MA,,4b,,60000,200000,https://edifyedu.in/universities/pp-savani-university-online/ma,0,125,,,,,
sathyabama-university-online,Sathyabama Institute of Science and Technology (Centre Online,MSc,,4b,,60000,200000,https://edifyedu.in/universities/sathyabama-university-online/msc,0,126,,,,,
sgt-university-online,SGT University Online,MCA,,4b,,60000,200000,https://edifyedu.in/universities/sgt-university-online/mca,0,127,,,,,
shoolini-university-online,Shoolini University Online,MA,,4b,,118000,130000,https://edifyedu.in/universities/shoolini-university-online/ma,0,128,,,,,
sikkim-manipal-university-online,Sikkim Manipal University Online,MA,,4b,,120000,120000,https://edifyedu.in/universities/sikkim-manipal-university-online/ma,0,129,,,,,
symbiosis-university-online,"Symbiosis School for Online and Digital Learning (SSODL), Pune Online",MA,,4b,,315000,370000,https://edifyedu.in/universities/symbiosis-university-online/ma,0,130,,,,,
university-of-mumbai-online,UNIVERSITY OF MUMBAI Online,BBA,,4b,,90000,200000,https://edifyedu.in/universities/university-of-mumbai-online/bba,0,131,,,,,
university-of-mumbai-online,UNIVERSITY OF MUMBAI Online,BCA,,4b,,90000,200000,https://edifyedu.in/universities/university-of-mumbai-online/bca,0,132,,,,,
university-of-mumbai-online,UNIVERSITY OF MUMBAI Online,MCA,,4b,,90000,200000,https://edifyedu.in/universities/university-of-mumbai-online/mca,0,133,,,,,
vignan-university-online,"Vignan's Foundation for Science, Technology & Research Online",BBA,,4b,,90000,90000,https://edifyedu.in/universities/vignan-university-online/bba,0,134,,,,,
vignan-university-online,"Vignan's Foundation for Science, Technology & Research Online",BCA,₹150K – ₹150K,4b,108000,90000,90000,https://edifyedu.in/universities/vignan-university-online/bca,0,135,121000,18000,1000,"official Vignan University Online fee page, screenshot verified (tuition 108000 + exam 4000/yr for 3 yrs + reg 1000)",2026-08-04
vit-university-online,Vellore Institute of Science and Technology (VIT Online,MSc,,4b,,160000,160000,https://edifyedu.in/universities/vit-university-online/msc,0,136,,,,,
vivekananda-global-university-online,Vivekananda Global University Online,MA,,4b,,60000,200000,https://edifyedu.in/universities/vivekananda-global-university-online/ma,0,137,,,,,
