Top queries,Clicks,Impressions,CTR,Position
cgpa,626,23180,2.7%,3.89
cgpa to percentage,507,58884,0.86%,5.59
cgpa to percentage calculator,53,12892,0.41%,7.89
how to convert cgpa into percentage,40,3155,1.27%,6.09
percentage to cgpa,38,10438,0.36%,6.85
iim rankings 2026,38,441,8.62%,2.91
8.5 cgpa in percentage,34,3505,0.97%,2.28
convert cgpa into percentage,17,2269,0.75%,6.21
cgpa convert into percentage,17,1409,1.21%,6.66
how to calculate cgpa to percentage,17,498,3.41%,1.88
cgpa into percentage,13,2900,0.45%,6.16
7.8 cgpa in percentage,12,4953,0.24%,4.38
yes,12,404,2.97%,3.74
calculate cgpa to percentage,12,166,7.23%,2.33
7.5 cgpa in percentage,11,5337,0.21%,3.74
convert cgpa to percentage,11,4234,0.26%,7.12
8.17 cgpa in percentage,11,643,1.71%,2.09
iim ranking list 2026,10,74,13.51%,2.5
8.25 cgpa in percentage,9,1078,0.83%,2.12
how to convert cgpa to percentage,9,355,2.54%,2.25
cgpa to percentage converter,8,3880,0.21%,8.63
7.55 cgpa in percentage,8,1222,0.65%,2.16
how to calculate percentage from cgpa,8,470,1.7%,7.09
6.32 cgpa in percentage,8,374,2.14%,2.1
mba,8,116,6.9%,3.8
edifyedu,8,11,72.73%,1
cgpa calculator to percentage,7,1149,0.61%,7.23
iim ranking in india 2026,7,50,14%,2.5
7.75 cgpa in percentage,6,872,0.69%,2.49
after bsc nursing mba salary per month,6,105,5.71%,3.31
cgpa result,6,48,12.5%,3.6
8.2 cgpa in percentage,5,4827,0.1%,6.19
7.45 cgpa in percentage,5,1449,0.35%,3.51
cgpa to percentage conversion,5,1392,0.36%,6.36
is manipal university jaipur fake,5,183,2.73%,3.27
iim tier list,5,98,5.1%,4.35
cgpa calculator,5,96,5.21%,11.35
coupon code for manipal university jaipur,5,17,29.41%,3
9.4 cgpa in percentage,4,2139,0.19%,4.45
how many iim in india,4,1471,0.27%,8.66
how many iims are there in india,4,1369,0.29%,8.1
cgpa to percentage convert,4,903,0.44%,7.66
cgpa full form to percentage,4,814,0.49%,6.13
cgpa score,4,720,0.56%,7.06
percentage to gpa calculator,4,632,0.63%,7.66
phd full form in government,4,458,0.87%,6.67
cgpa %,4,16,25%,2.5
8 cgpa in percentage,3,2827,0.11%,6.29
6.2 cgpa in percentage,3,1297,0.23%,4.36
percentage to cgpa calculator,3,884,0.34%,9.31
7.44 cgpa in percentage,3,335,0.9%,1.99
mba govt jobs 2026,3,99,3.03%,5.64
cgpa to marks calculator,3,72,4.17%,6.62
conversion of cgpa to percentage,3,62,4.84%,3.55
adichunchanagiri university online mba fees,3,50,6%,3.4
cgpa 7.44 to percentage,3,47,6.38%,2.28
ranking of iims in india 2026,3,36,8.33%,2.5
6.87 cgpa to percentage out of 10,3,33,9.09%,2
iim ranking 2026,3,33,9.09%,3.88
how to calculate degree percentage from cgpa,3,16,18.75%,1.75
all iim rankings 2026,3,13,23.08%,1.77
career objective for it freshers,3,13,23.08%,5.69
dbrau bba syllabus 2026,3,13,23.08%,9
manipal university jaipur coupon code,3,10,30%,2.3
grade convert to percentage,3,7,42.86%,1
edifyedu.in,3,7,42.86%,1.43
7 cgpa in percentage,2,4073,0.05%,5.77
9.8 cgpa in percentage,2,2701,0.07%,4.4
bits pilani online mba,2,818,0.24%,10.38
uttaranchal university online mba,2,659,0.3%,11.78
7.26 cgpa in percentage,2,521,0.38%,7.45
6.87 cgpa to percentage,2,412,0.49%,2.53
7.44 cgpa to percentage,2,412,0.49%,2.86
xlri online mba,2,412,0.49%,6.3
galgotias university online mba fees,2,365,0.55%,5.75
9.8 gpa in percentage,2,203,0.99%,3.79
gpa full form,2,155,1.29%,2.81
dayananda sagar online mba,2,150,1.33%,10.76
convert 8.5 cgpa into percentage,2,142,1.41%,3.58
calculate percentage from cgpa,2,135,1.48%,8.04
8.5cgpa in percentage,2,126,1.59%,2.27
online,2,118,1.69%,3.9
adichunchanagiri online mba,2,116,1.72%,6.64
7.55 cgpa to percentage,2,115,1.74%,2.75
manipal university jaipur,2,97,2.06%,2.87
8.5 cgpa in percentage out of 10,2,83,2.41%,2.82
fees,2,83,2.41%,3.46
how to calculate cgpa in percentage,2,81,2.47%,1.6
iim nirf ranking 2026,2,80,2.5%,6.78
bcom,2,75,2.67%,47.33
uttaranchal university online mba review,2,62,3.23%,4.29
convert to cgpa to percentage,2,57,3.51%,6.91
mba government jobs 2026,2,55,3.64%,6.22
06.2 cgpa into percentage,2,52,3.85%,3.73
in india,2,51,3.92%,4.76
career objective for resume for fresher,2,51,3.92%,18.71
best executive mba programs in india,2,44,4.55%,10.09
cgpa to percentage formula,2,43,4.65%,2.19
alagappa university,2,41,4.88%,11.44
iim sambalpur nirf ranking 2026,2,37,5.41%,8.38
grade to percentage,2,34,5.88%,3.85
bca + mba salary in india,2,29,6.9%,2.9
cgpa calculator 2026,2,24,8.33%,6.62
galgotia university mein mba ki fees kitni hai,2,18,11.11%,6.28
8.5 marks in percentage,2,16,12.5%,2.31
list of iims in india rank wise,2,16,12.5%,3.81
mahe vs muj,2,14,14.29%,5.57
cgpa calculate percentage,2,13,15.38%,5.23
how to check cgpa percentage,2,10,20%,5.1
convert to percentage to cgpa,2,9,22.22%,8.56
calculate my cgpa to percentage,2,8,25%,5.12
graduation cgpa to percentage calculator,2,7,28.57%,4.57
cgpa to percentage converter india,2,4,50%,6.25
ugc deb approved courses list,2,3,66.67%,1
points in percentage,2,2,100%,1
9 cgpa in percentage,1,2916,0.03%,5.19
bits pilani mba fees,1,2630,0.04%,9.37
galgotias university mba fees,1,2519,0.04%,9.73
7.9 cgpa in percentage,1,2088,0.05%,4.19
6.5 cgpa in percentage,1,1892,0.05%,4.37
jain university mba fees,1,1044,0.1%,8.73
percentage to gpa,1,930,0.11%,7.5
b com full form salary,1,925,0.11%,6.5
7.63 cgpa in percentage,1,713,0.14%,9.58
7.92 cgpa in percentage,1,693,0.14%,7.85
7.59 cgpa to percentage,1,683,0.15%,6.73
7.34 cgpa in percentage,1,683,0.15%,8.35
7.57 cgpa in percentage,1,680,0.15%,7.98
percentage to gpa 10 scale,1,536,0.19%,7.28
7.75 cgpa to percentage,1,524,0.19%,2.85
8.45 cgpa to percentage,1,513,0.19%,9.51
7.56 cgpa to percentage,1,492,0.2%,8.28
7.54 cgpa to percentage,1,453,0.22%,8.36
6.25 cgpa in percentage,1,441,0.23%,3.54
7.68 cgpa in percentage,1,433,0.23%,10.02
6.27 cgpa in percentage,1,376,0.27%,8.77
7.02 cgpa in percentage,1,370,0.27%,9.69
8.04 cgpa to percentage,1,343,0.29%,8.73
5.2 cgpa in percentage,1,331,0.3%,4.25
how to calculate cgpa into percentage,1,293,0.34%,7.04
m a ka full form in hindi,1,292,0.34%,8.68
uttaranchal university online mba fees,1,290,0.34%,9.59
8.71 cgpa to percentage,1,279,0.36%,6.59
iim rankings,1,276,0.36%,3.25
how many iim are there in india,1,259,0.39%,8.77
9.05 cgpa to percentage,1,251,0.4%,8.99
cgpa percentage calculator,1,247,0.4%,9.07
8.5 cgpa to percentage,1,245,0.41%,3.4
xlri executive mba fees,1,223,0.45%,8.56
8.5 gpa in percentage,1,201,0.5%,4.33
ma karne me kitna paisa lagta hai,1,195,0.51%,5.44
8.87 cgpa to percentage,1,194,0.52%,9.35
is online degree equivalent to regular degree,1,191,0.52%,8.45
online degree is equivalent to regular degree,1,183,0.55%,8.85
cgpa 7.5 in percentage,1,179,0.56%,4.4
what is cgpa score,1,168,0.6%,4.73
cgpa full form,1,164,0.61%,6.27
bits online mba,1,164,0.61%,8.95
xlri online mba fees,1,161,0.62%,3.23
adichunchanagiri university online mba,1,153,0.65%,7.84
gpa,1,150,0.67%,2.94
8 cgpa,1,147,0.68%,3.67
7.5 cgpa,1,144,0.69%,2.34
percentage to gpa converter,1,143,0.7%,5.62
8.17 cgpa to percentage,1,141,0.71%,2.79
what is cgpa,1,139,0.72%,3.86
galgotias university online mba,1,137,0.73%,8.09
9.45 cgpa to percentage,1,125,0.8%,9.98
arka jain university mba fees,1,123,0.81%,6.88
degree percentage calculator,1,121,0.83%,10.62
b com full form,1,120,0.83%,17.17
galgotias university mba fees and placement,1,114,0.88%,9.47
convert 9.4 cgpa into percentage,1,113,0.88%,3.84
cgpa 8.5 in percentage,1,112,0.89%,2.08
8.5 cgpa into percentage,1,111,0.9%,3.56
cgpa into percentage calculator,1,107,0.93%,6.79
bcom full form salary,1,107,0.93%,6.87
college cgpa to percentage,1,105,0.95%,5.44
jain college mba fees,1,100,1%,5.69
6.00 cgpa to percentage,1,98,1.02%,4.49
degree cgpa to percentage,1,97,1.03%,6.56
cgpa to percent,1,96,1.04%,5.83
ma full form in government,1,95,1.05%,7.23
galgotia mba fees structure,1,93,1.08%,6.23
bits pilani executive mba,1,93,1.08%,9.56
all iim rankings,1,92,1.09%,7.34
sgt university bca fees,1,92,1.09%,12.87
how to cgpa to percentage,1,85,1.18%,5.54
cgpa formula,1,83,1.2%,3.35
bcom full form,1,83,1.2%,10.89
convert 6.5 cgpa into percentage,1,79,1.27%,3.94
cgpa convert in percentage,1,78,1.28%,5.55
symbiosis is tier 1 or 2,1,77,1.3%,4.3
mca full form salary,1,74,1.35%,8.07
बीकॉम का फुल फॉर्म इन हिंदी,1,73,1.37%,9.18
iim ranking list,1,67,1.49%,7.06
from next year mba will be of 3 years,1,65,1.54%,2.15
bba full form,1,65,1.54%,31.49
5.71 cgpa in percentage,1,64,1.56%,8.48
7.5 cgpa ka matlab,1,63,1.59%,2.97
bits pilani mba fees online,1,62,1.61%,6.76
convert percentage to gpa,1,62,1.61%,7.21
cgpa to aggregate percentage,1,62,1.61%,7.79
online mba fees in galgotias university,1,61,1.64%,3.82
percentage,1,60,1.67%,2.47
cgpa 8.17 to percentage,1,60,1.67%,2.98
online mba,1,60,1.67%,5.78
mba fees in galgotias university noida,1,60,1.67%,8.6
calculate cgpa into percentage,1,58,1.72%,6.41
cgpa percentage,1,57,1.75%,4.11
phd full form salary,1,55,1.82%,4.15
mba logistics and supply chain management in madras university fees,1,55,1.82%,5.35
arka jain mba fees,1,54,1.85%,6.15
points to percentage,1,54,1.85%,8.2
percentage cgpa,1,52,1.92%,6.6
online mba in operations management,1,52,1.92%,59.48
cgpa 7.5 means,1,50,2%,2.32
how to find percentage from cgpa,1,49,2.04%,5.55
ugc cgpa to percentage,1,48,2.08%,6.19
total iims in india 2026,1,47,2.13%,3.72
8.79 cgpa to percentage,1,47,2.13%,6.62
galgotias university online bca fees,1,46,2.17%,6.04
7.5 cgpa ka percentage kitna hoga,1,44,2.27%,1.84
8.25 cgpa into percentage,1,44,2.27%,2.36
percentage calculator cgpa,1,44,2.27%,9.02
kalasalingam university online mba fees,1,44,2.27%,21.41
mba hr govt jobs 2026,1,43,2.33%,7.05
symbiosis online mba vs nmims online mba,1,43,2.33%,7.53
ccgpa,1,42,2.38%,3.71
cgpa 8,1,42,2.38%,4.45
cgpa to %,1,42,2.38%,6.19
ddu gorakhpur online mba fees,1,42,2.38%,7.45
is 7.3 cgpa good,1,40,2.5%,8.88
convert 8.75 cgpa to percentage,1,39,2.56%,3.36
cgpa 7.5 to percentage,1,39,2.56%,4.05
psu recruitment 2026 for mba,1,39,2.56%,6.13
top 100 toughest exam in world,1,39,2.56%,7.74
m a full form,1,38,2.63%,3.66
edify college,1,38,2.63%,8.03
sikkim manipal university,1,37,2.7%,3.32
galgotias university online mba total fees,1,37,2.7%,4.7
shoolini online mba review,1,37,2.7%,5.43
top iims ranking,1,37,2.7%,8.49
mba central govt jobs,1,37,2.7%,8.95
6 cgpa in percentage in college,1,36,2.78%,2.78
convert 7.45 cgpa to percentage,1,35,2.86%,3.49
"pursuing education from a top 300 nirf (overall) or naac 'a' & above 
accredited institution meaning",1,35,2.86%,8.66
7 cgpa ka percentage kitna hoga,1,34,2.94%,2.74
mba next year duration,1,34,2.94%,3.47
how much percentage is 8 cgpa,1,34,2.94%,4
is online manipal university jaipur fake,1,34,2.94%,4.47
mats university bca fees,1,34,2.94%,7.5
7.55 cgpa into percentage,1,33,3.03%,2.12
convert my cgpa into percentage,1,33,3.03%,7.33
12th cgpa calculator,1,32,3.12%,9.41
75 percentage to cgpa,1,32,3.12%,10.84
9.5 in percentage,1,31,3.23%,6.45
xlri executive mba eligibility,1,31,3.23%,9.61
symbiosis online mba,1,31,3.23%,40.29
6.3 cgpa into percentage,1,30,3.33%,4.53
all semester cgpa to percentage,1,30,3.33%,5.7
cgpa into %,1,30,3.33%,6.67
noida international university online mba,1,30,3.33%,17.83
how cgpa is calculated,1,29,3.45%,3.52
7.15 cgpa into percentage,1,29,3.45%,6.07
cgpa 6.20 to percentage,1,29,3.45%,7.21
cgpa 7.16 to percentage,1,29,3.45%,8.72
bca full form salary,1,29,3.45%,11.31
arka jain online mba fees,1,28,3.57%,4.29
xlri distance mba fees,1,28,3.57%,4.75
how to calculate graduation percentage from cgpa,1,28,3.57%,5.43
percentage+to+cgpa,1,28,3.57%,6.93
psu jobs after mba,1,28,3.57%,8.25
top iims list,1,28,3.57%,8.32
7 8 cgpa in percentage,1,27,3.7%,5.04
top 10 gd topics for mba with answers,1,27,3.7%,6.67
career objective for mba freshers,1,27,3.7%,9.19
प्रतिशत में 7.5 सीजीपीए,1,26,3.85%,1.73
88 percent in gpa,1,26,3.85%,5.23
bed cgpa to percentage,1,26,3.85%,5.77
9.4 gpa in percentage,1,26,3.85%,6
5.79 cgpa to percentage,1,26,3.85%,13.77
percentage of 8.2 cgpa,1,25,4%,5.84
iim indore nirf ranking 2026,1,25,4%,6.24
hr,1,24,4.17%,2.96
bsc nursing mba salary,1,24,4.17%,3.71
hindustan university online mba fees,1,24,4.17%,8.62
एमबीए के बाद सरकारी नौकरी,1,24,4.17%,10.46
andhra university online mba,1,24,4.17%,29.38
all iim ranking,1,23,4.35%,6.35
sathyabama university online mba fees,1,23,4.35%,7.52
convert 7.54 cgpa to percentage,1,23,4.35%,8.61
sikkim manipal university online bba fees,1,23,4.35%,9.91
free online mba,1,23,4.35%,18
uttaranchal university online,1,23,4.35%,35.3
convert points to percentage,1,22,4.55%,5.73
ma ki kitni fees hoti hai,1,22,4.55%,6.32
is online manipal fake,1,22,4.55%,7.32
8 cgpa out of 10 in percentage,1,22,4.55%,7.45
chandigarh university online mba review,1,22,4.55%,7.59
8.75 cgpa into percentage,1,21,4.76%,4.19
degree cgpa to percentage calculator,1,21,4.76%,5.57
convert the cgpa into percentage,1,21,4.76%,6.43
mba finance govt jobs,1,21,4.76%,11.14
ba cgpa to percentage,1,20,5%,6.45
xlri mba online,1,20,5%,6.5
online uttaranchal university reviews,1,20,5%,7.05
percentage to gpa converter india,1,19,5.26%,4.63
4.83 cgpa to percentage,1,19,5.26%,9.11
sharda university online mca,1,19,5.26%,19.63
bca full form in marathi,1,18,5.56%,2.28
8.5 grade in percentage,1,18,5.56%,2.39
assam don bosco university online mba fees,1,18,5.56%,3.39
cgpa in percentage converter,1,18,5.56%,5.72
world toughest exam in india,1,18,5.56%,6.44
ma in economics mumbai university distance learning,1,18,5.56%,9.39
best online bca colleges in india,1,18,5.56%,12.11
mba hr,1,18,5.56%,19.5
bits pilani wilp mba review,1,17,5.88%,3.53
6 cgpa out of 10 in percentage,1,17,5.88%,4
online degree equivalent to regular ugc,1,17,5.88%,5.88
jagannath university certificate verification,1,17,5.88%,6.94
ssodl,1,17,5.88%,23.94
8.25cgpa in percentage,1,16,6.25%,2.56
b.com,1,16,6.25%,3.12
top 100 hardest exams in the world,1,16,6.25%,5.25
how to calculate all semester cgpa into percentage,1,16,6.25%,5.38
vignan mba fees,1,16,6.25%,7.75
mangalayatan university fake or real,1,16,6.25%,7.81
how to calculate percentage cgpa,1,16,6.25%,7.88
cgpa 7.8 in percentage,1,15,6.67%,3.67
is cgpa and percentage same,1,15,6.67%,3.67
is 7.44 cgpa good,1,15,6.67%,4.87
iim amritsar nirf ranking 2026,1,15,6.67%,7.67
kya subharti university ugc approved hai,1,15,6.67%,9.67
jiit online mba,1,15,6.67%,13.33
bits pilani working professional mba,1,15,6.67%,24.87
m. a full form,1,14,7.14%,4.07
psu jobs for mba freshers,1,14,7.14%,4.43
how to calculate degree cgpa to percentage,1,14,7.14%,6.57
mba gd topics 2026,1,14,7.14%,8.14
ias officer ctc,1,14,7.14%,8.71
8.25 cgpa,1,13,7.69%,1.69
govt mba jobs 2026,1,13,7.69%,7
top executive mba india,1,13,7.69%,13.23
best online mca,1,13,7.69%,57.69
mba in business analytics online,1,13,7.69%,73.62
c g p a,1,12,8.33%,3.83
ugc deb approved university list 2026 27,1,12,8.33%,4.25
iim rankings 2026 nirf,1,12,8.33%,5.67
aggregate cgpa to percentage,1,12,8.33%,7.75
total cgpa,1,12,8.33%,7.92
aligarh muslim university online mba,1,11,9.09%,2.36
2026,1,11,9.09%,3.91
cgpa to percentage calculator ugc,1,11,9.09%,4.18
8.0 cgpa,1,11,9.09%,4.27
sppu online mba review,1,11,9.09%,5.09
bca mba salary per month,1,11,9.09%,6.09
mba graduate government jobs,1,11,9.09%,6.45
savitribai phule pune university online mca,1,11,9.09%,6.55
convert to gpa,1,11,9.09%,9
jamia hamdard bba fees,1,11,9.09%,9.64
online mba in pharmaceutical management colleges in india,1,11,9.09%,16.27
8,1,10,10%,2.2
how to calculate the cgpa to percentage,1,10,10%,4
cgpa to.percentage,1,10,10%,5.3
covert cgpa into percentage,1,10,10%,5.8
cgpa to percentage calculator for degree,1,10,10%,6
गलगोटियास यूनिवर्सिटी एमबीए फीस,1,10,10%,6.1
chandigarh university online review,1,10,10%,6.4
distance education bureau approved university list,1,9,11.11%,1
edify coupon,1,9,11.11%,3.44
karunya university online mba fees structure,1,9,11.11%,4.44
b com kitne paise lagte hain,1,9,11.11%,5.22
how to convert degree cgpa into percentage,1,9,11.11%,6.33
psu mba jobs,1,9,11.11%,8.89
65.5 percentage in cgpa,1,9,11.11%,9.67
online mba fees comparison,1,9,11.11%,9.89
8m5 cgpa in percentage,1,8,12.5%,2.62
degree,1,8,12.5%,3.38
mba in hospital management after bsc nursing salary,1,8,12.5%,3.62
cgpa to mark convert,1,8,12.5%,4
86 percentage to gpa,1,8,12.5%,4.62
deb approved university list,1,8,12.5%,5
edify online,1,8,12.5%,5.75
online mca,1,8,12.5%,5.88
convert grade into percentage,1,8,12.5%,6.75
90.8 in cgpa,1,8,12.5%,7.62
convert percentage into gpa,1,7,14.29%,2.14
psu,1,7,14.29%,4.71
chpa into percentage,1,7,14.29%,5.43
jnu ma public administration,1,7,14.29%,7.71
lpu online bba,1,7,14.29%,10.29
how convert cgpa into percentage,1,6,16.67%,1
amrita online bba fees,1,6,16.67%,2.83
52% in gpa,1,6,16.67%,3
central govt jobs for mba graduates,1,6,16.67%,4.5
convert 6.12 cgpa to percentage,1,6,16.67%,5.5
5.13 cgpa to percentage,1,6,16.67%,5.67
how can i calculate cgpa to percentage,1,6,16.67%,6.17
bharathiar university bba syllabus 2026,1,6,16.67%,7.83
jnu public administration,1,6,16.67%,7.83
top 50 toughest exam in world,1,6,16.67%,8.17
cgpa to percentage how to calculate,1,5,20%,1
list of iim in india rank wise,1,5,20%,1.6
subharti university deb approval,1,5,20%,2
how to know cgpa percentage,1,5,20%,2.8
online course,1,5,20%,3.4
how to calculate percentage with cgpa,1,5,20%,4
cgpa score (if applicable) enter your cgpa,1,5,20%,5
in chennai,1,5,20%,5.4
karnataka university cgpa to percentage,1,5,20%,5.6
grade convert into percentage,1,5,20%,8.4
how to convert cgpa in to percentage,1,4,25%,1
vignan university,1,4,25%,1.75
in maharashtra,1,4,25%,2.5
cgpa/percentage,1,4,25%,3.25
ugc cgpa calculator,1,4,25%,4.25
cgpa calculation in percentage,1,4,25%,5.5
iim mumbai ranking among iims,1,4,25%,7.5
gls university bca,1,4,25%,7.75
mba level govt job,1,4,25%,8.25
credit points to percentage,1,3,33.33%,1
government jobs after mba hr,1,3,33.33%,1
how is cgpa converted to percentage,1,3,33.33%,1
ma complete,1,3,33.33%,1
university formula for cgpa to percentage,1,3,33.33%,1
8.17 cgpa,1,3,33.33%,1.33
galgotias university online mba review,1,3,33.33%,2
sgpa 7.45 in percentage,1,3,33.33%,2.67
public administration,1,3,33.33%,5
6.2 cgpa in marks,1,3,33.33%,5.33
jgi fees,1,3,33.33%,6.33
online mba under 1.5 lakh,1,3,33.33%,7.33
nmims ugc approved or not,1,3,33.33%,7.67
ignou mca review,1,3,33.33%,8.33
delhi university online mba,1,3,33.33%,11.67
deb approval,1,3,33.33%,19.33
can we convert cgpa into percentage,1,2,50%,1
government jobs for mba finance freshers,1,2,50%,1
ias tukaram munde salary,1,2,50%,1
iims in india rank wise,1,2,50%,1
8.8cgpa in percentage,1,2,50%,1.5
bsc it,1,2,50%,1.5
1.5 lakh,1,2,50%,2
for correspondence,1,2,50%,2
10 cgpa,1,2,50%,3
to gpa calculator,1,2,50%,3
cgpa is calculated,1,2,50%,3.5
final year,1,2,50%,3.5
verify college accreditation,1,2,50%,3.5
best one,1,2,50%,5.5
higher studies,1,2,50%,6
online mba under 2 lakh,1,2,50%,6
any other suggestions?,1,2,50%,7
kare online,1,2,50%,9
mba free in india,1,2,50%,11.5
mca syllabus graphic era,1,2,50%,12
bba fees galgotias university,1,2,50%,16.5
mba fin tech,1,2,50%,34
10 lacs,1,1,100%,1
59.02,1,1,100%,1
can i do bba online,1,1,100%,1
convert cgpa to percentage formula,1,1,100%,1
dr d y patil university pune,1,1,100%,1
evlo fees varum,1,1,100%,1
how to calculate cgpa in to percentage,1,1,100%,1
how to calculate points to percentage,1,1,100%,1
how to convert grade point to percentage,1,1,100%,1
management trainee jobs for mba freshers in govt sector,1,1,100%,1
mba in hospital management parul university,1,1,100%,1
operations management,1,1,100%,1
psu*,1,1,100%,1
share the link please,1,1,100%,1
what about amrita,1,1,100%,1
when will the session start,1,1,100%,1
मणिपाल विश्वविद्यालय जयपुर,1,1,100%,1
80 thousand,1,1,100%,2
amity jaipur,1,1,100%,2
awaharlal nehru university,1,1,100%,2
calculation of cgpa in university,1,1,100%,2
fee structure for this course,1,1,100%,2
free ones,1,1,100%,2
future safe,1,1,100%,2
how to apply coupon,1,1,100%,2
how to check it?,1,1,100%,2
is there any work experience required,1,1,100%,2
job opening,1,1,100%,2
mca after bca salary,1,1,100%,2
nhi ho raha,1,1,100%,2
pgd in labour law,1,1,100%,2
sarda,1,1,100%,2
total marks to cgpa,1,1,100%,2
translate it into english,1,1,100%,2
which are online,1,1,100%,2
yes final,1,1,100%,2
क्या यह सही है?,1,1,100%,2
amritha university,1,1,100%,3
bba career opportunities,1,1,100%,3
best iim colleges in india for mba,1,1,100%,3
from,1,1,100%,3
how to convert cgpa to percentage in mangalore university,1,1,100%,3
in bombay,1,1,100%,3
online ba in sociology,1,1,100%,3
top colleges for online mba in india with fees,1,1,100%,3
24 batch,1,1,100%,4
check other options,1,1,100%,4
give me more universities,1,1,100%,4
kaise check kre,1,1,100%,4
mca cybersecurity,1,1,100%,4
acha kon sa h,1,1,100%,5
amity university online mba operations management,1,1,100%,5
bharathiar university distance education,1,1,100%,5
fees compare,1,1,100%,5
is it deemed university,1,1,100%,5
ugc approved hai,1,1,100%,5
3 lacs,1,1,100%,6
mumbai university cgpa to percentage pdf,1,1,100%,6
muj online,1,1,100%,7
ar12,1,1,100%,8
for marketing,1,1,100%,8
mlis,1,1,100%,8
under 5 lacs,1,1,100%,9
online free mba courses,1,1,100%,10
chaudhary charan singh university online mba,1,1,100%,11
amity online bba fees 2026,1,1,100%,12
dayanand sagar university online,1,1,100%,15
mba free course,1,1,100%,20
cgpa to percentage utkal university,1,1,100%,24
6.6 cgpa in percentage,0,1682,0%,7.5
7.7 cgpa in percentage,0,1618,0%,6.3
7.6 cgpa in percentage,0,1616,0%,7.15
6 cgpa in percentage,0,1593,0%,6.14
7.3 cgpa in percentage,0,1458,0%,7.4
9.5 cgpa in percentage,0,1169,0%,6.66
7.2 cgpa in percentage,0,1089,0%,9.73
7.83 cgpa in percentage,0,1012,0%,7.87
8.05 cgpa in percentage,0,985,0%,8.63
7.15 cgpa in percentage,0,949,0%,6.61
7.36 cgpa in percentage,0,909,0%,8.09
6.9 cgpa in percentage,0,897,0%,7.85
8.0 cgpa in percentage,0,879,0%,8.03
7.35 cgpa in percentage,0,860,0%,7.71
8.7 cgpa in percentage,0,860,0%,10.14
7.0 cgpa in percentage,0,801,0%,6.82
7.14 cgpa in percentage,0,796,0%,9.26
8.9 cgpa in percentage,0,795,0%,10.25
7.86 cgpa in percentage,0,779,0%,8.99
9.0 cgpa in percentage,0,745,0%,4.97
8.13 cgpa in percentage,0,740,0%,8.95
8.75 cgpa in percentage,0,739,0%,4.47
7.38 cgpa in percentage,0,718,0%,9.64
7.65 cgpa in percentage,0,688,0%,5.66
8.33 cgpa in percentage,0,682,0%,9.56
7.05 cgpa to percentage,0,673,0%,8.57
7.23 cgpa in percentage,0,672,0%,9.95
cgpa convert to percentage,0,671,0%,7.42
naac grade,0,662,0%,9.81
8.23 cgpa in percentage,0,656,0%,9.91
6.75 cgpa in percentage,0,655,0%,9.44
7.13 cgpa in percentage,0,654,0%,9.21
7.33 cgpa in percentage,0,651,0%,10.03
8.15 cgpa in percentage,0,649,0%,9.55
7.27 cgpa in percentage,0,644,0%,9.52
6.3 cgpa in percentage,0,638,0%,5.19
7.72 cgpa in percentage,0,636,0%,10.06
7.52 cgpa in percentage,0,629,0%,7.82
8.12 cgpa in percentage,0,625,0%,8.64
8.55 cgpa to percentage,0,619,0%,5.04
7.78 cgpa in percentage,0,614,0%,8.96
7.58 cgpa in percentage,0,610,0%,9.09
uttaranchal university mba fees,0,601,0%,10.08
5.8 cgpa in percentage,0,598,0%,9.18
7.42 cgpa in percentage,0,596,0%,9.31
7.12 cgpa in percentage,0,595,0%,8.24
total iim in india,0,592,0%,9.32
7.25 cgpa in percentage,0,589,0%,9.69
6.45 cgpa in percentage,0,584,0%,7.6
7.18 cgpa in percentage,0,571,0%,10.3
jamia hamdard mba fees,0,567,0%,9.94
7.29 cgpa in percentage,0,565,0%,9.13
8.35 cgpa to percentage,0,565,0%,9.16
8cgpa in percentage,0,564,0%,4.74
7.88 cgpa in percentage,0,561,0%,9.27
7.46 cgpa in percentage,0,559,0%,7.03
7.85 cgpa to percentage,0,557,0%,9.12
7.39 cgpa in percentage,0,557,0%,9.23
7.87 cgpa to percentage,0,554,0%,8.74
7.32 cgpa in percentage,0,552,0%,9.8
7.77 cgpa in percentage,0,543,0%,10.06
7.21 cgpa in percentage,0,542,0%,8.21
7.28 cgpa in percentage,0,538,0%,8.77
7.71 cgpa in percentage,0,531,0%,9.24
8.26 cgpa in percentage,0,528,0%,9.06
8.27 cgpa in percentage,0,527,0%,10.21
7.61 cgpa in percentage,0,523,0%,8.59
7.60 cgpa in percentage,0,520,0%,8.37
7.30 cgpa in percentage,0,516,0%,6.96
8.20 cgpa in percentage,0,516,0%,8.7
7.16 cgpa in percentage,0,510,0%,8.2
7.50 cgpa in percentage,0,508,0%,5.4
7.09 cgpa to percentage,0,508,0%,9.01
7.64 cgpa to percentage,0,501,0%,9.17
7.08 cgpa in percentage,0,493,0%,9.45
8.65 cgpa in percentage,0,492,0%,8.34
8.29 cgpa in percentage,0,489,0%,9.53
7.48 cgpa in percentage,0,486,0%,9.22
7.62 cgpa in percentage,0,485,0%,8.54
6.83 cgpa in percentage,0,473,0%,9.81
7.04 cgpa in percentage,0,465,0%,8.27
7.64 cgpa in percentage,0,463,0%,9.09
7.06 cgpa in percentage,0,460,0%,8.54
8.1 cgpa in percentage,0,458,0%,10.35
phd full form,0,458,0%,10.99
8.34 cgpa in percentage,0,457,0%,9.02
7.99 cgpa in percentage,0,456,0%,8.67
galgotia mba fees,0,453,0%,8.28
7.49 cgpa to percentage,0,453,0%,8.88
7.96 cgpa to percentage,0,450,0%,10.02
7.1 cgpa in percentage,0,449,0%,9.35
6.55 cgpa to percentage,0,440,0%,6.3
cgpa in percentage,0,435,0%,5.36
mba fees in galgotias university,0,434,0%,8.89
8.38 cgpa to percentage,0,431,0%,8.6
6.50 cgpa in percentage,0,423,0%,5.8
8.86 cgpa in percentage,0,423,0%,8.62
7.10 cgpa to percentage,0,420,0%,8.1
total iims in india,0,420,0%,8.94
7.03 cgpa in percentage,0,416,0%,8.77
8.6 cgpa in percentage,0,415,0%,10.36
7cgpa in percentage,0,413,0%,4.09
8.48 cgpa in percentage,0,413,0%,9.63
6.7 cgpa in percentage,0,411,0%,8.87
7.53 cgpa to percentage,0,408,0%,8.27
7.07 cgpa in percentage,0,406,0%,9.12
8.31 cgpa to percentage,0,402,0%,8.74
convert percentage to cgpa,0,397,0%,8.73
6.65 cgpa in percentage,0,397,0%,8.75
8.22 cgpa to percentage,0,396,0%,8.43
7.73 cgpa in percentage,0,395,0%,9.66
bits pilani online mba fees,0,392,0%,6.86
7.85 cgpa in percentage,0,390,0%,9.84
8.09 cgpa in percentage,0,387,0%,9.78
7.69 cgpa in percentage,0,387,0%,9.85
7.95 cgpa in percentage,0,382,0%,9.97
6.0 cgpa in percentage,0,380,0%,5.36
mangalayatan university fake,0,380,0%,8.27
7.17 cgpa in percentage,0,380,0%,9.36
7.65 cgpa to percentage,0,379,0%,4.79
galgotia university mba fees,0,377,0%,9.59
मा का फुल फॉर्म,0,376,0%,9.91
7.47 cgpa to percentage,0,374,0%,8.81
8.3 cgpa in percentage,0,372,0%,9.43
7.4 cgpa in percentage,0,372,0%,9.8
8.51 cgpa in percentage,0,369,0%,8.31
8.36 cgpa in percentage,0,367,0%,9.43
edify,0,363,0%,5.03
8.57 cgpa in percentage,0,356,0%,9.49
7.19 cgpa to percentage,0,355,0%,8.25
8.06 cgpa in percentage,0,352,0%,9.04
7.24 cgpa in percentage,0,352,0%,9.49
how many iims in india,0,349,0%,7.76
6.1 cgpa in percentage,0,347,0%,5.41
9cgpa to percentage,0,343,0%,4.54
6.81 cgpa in percentage,0,343,0%,9.39
6.67 cgpa in percentage,0,343,0%,9.4
6.8 cgpa in percentage,0,342,0%,9.72
7.91 cgpa in percentage,0,337,0%,9.59
ma full form,0,336,0%,4.12
7.37 cgpa to percentage,0,332,0%,5.63
7.31 cgpa to percentage,0,329,0%,8.55
8.82 cgpa in percentage,0,327,0%,10.13
6.73 cgpa in percentage,0,326,0%,9.61
7.43 cgpa in percentage,0,325,0%,10.28
6.60 cgpa in percentage,0,321,0%,9.48
8.61 cgpa in percentage,0,321,0%,9.54
7.56 cgpa in percentage,0,319,0%,8.26
ma full form in hindi,0,318,0%,8.9
6.23 cgpa in percentage,0,317,0%,8.47
bits mba fees,0,315,0%,10.34
8.67 cgpa to percentage,0,314,0%,10.24
7.51 cgpa to percentage,0,313,0%,8.33
7.93 cgpa in percentage,0,312,0%,9.6
8.42 cgpa in percentage,0,307,0%,8.51
9.7 cgpa in percentage,0,305,0%,9.1
8.49 cgpa to percentage,0,304,0%,9.65
8.95 cgpa to percentage,0,301,0%,7.59
8 cgpa to percentage,0,297,0%,7.78
8.4 cgpa in percentage,0,294,0%,8.27
8.46 cgpa in percentage,0,294,0%,9.69
galgotias mba fees,0,292,0%,10.13
7.59 cgpa in percentage,0,291,0%,6.17
6.63 cgpa in percentage,0,290,0%,8.9
8.50 cgpa to percentage,0,290,0%,9.01
bits pilani mba for working professionals,0,289,0%,9.49
6.15 cgpa in percentage,0,285,0%,7.12
6.56 cgpa to percentage,0,285,0%,7.27
6.57 cgpa in percentage,0,283,0%,9.18
75 percentage in cgpa,0,282,0%,9.67
8.92 cgpa in percentage,0,282,0%,9.99
7.67 cgpa to percentage,0,280,0%,10.07
7.50 cgpa to percentage,0,279,0%,5.44
6.62 cgpa in percentage,0,278,0%,8.17
6.58 cgpa in percentage,0,278,0%,8.37
6.05 cgpa in percentage,0,277,0%,6.08
7.67 cgpa in percentage,0,275,0%,9.53
6.74 cgpa in percentage,0,275,0%,9.84
6.52 cgpa in percentage,0,272,0%,8.68
6.53 cgpa in percentage,0,272,0%,8.75
7.89 cgpa to percentage,0,270,0%,9
7.53 cgpa in percentage,0,270,0%,9.31
7.11 cgpa in percentage,0,269,0%,9.41
7.90 cgpa to percentage,0,268,0%,8.9
10 cgpa in percentage,0,267,0%,9.17
6.69 cgpa in percentage,0,266,0%,9.54
6.85 cgpa in percentage,0,266,0%,9.7
jain university mba fees structure,0,265,0%,6.99
naac a++ means,0,265,0%,10.42
9.15 cgpa in percentage,0,263,0%,8.34
8.85 cgpa in percentage,0,263,0%,10.23
8.63 cgpa in percentage,0,261,0%,9.46
8.66 cgpa in percentage,0,259,0%,8.96
6.51 cgpa in percentage,0,257,0%,6.7
6.61 cgpa in percentage,0,256,0%,9.96
6.96 cgpa in percentage,0,255,0%,9.9
8.93 cgpa in percentage,0,251,0%,9.98
ma ki fees kitni hai,0,250,0%,8.11
8.59 cgpa to percentage,0,250,0%,10.48
8.69 cgpa to percentage,0,247,0%,9.99
7.84 cgpa to percentage,0,247,0%,10.24
6.33 cgpa in percentage,0,244,0%,8.43
6.91 cgpa to percentage,0,244,0%,8.98
6.43 cgpa in percentage,0,244,0%,9.98
7.80 cgpa to percentage,0,242,0%,9.62
6.72 cgpa in percentage,0,242,0%,9.7
7.37 cgpa in percentage,0,240,0%,4.84
6.09 cgpa to percentage,0,240,0%,6.9
6.55 cgpa in percentage,0,239,0%,5.76
7 cgpa into percentage,0,236,0%,6.13
7.40 cgpa in percentage,0,234,0%,8.57
7 cgpa to percentage,0,232,0%,6.04
6.54 cgpa to percentage,0,232,0%,7.44
8.76 cgpa to percentage,0,230,0%,9.64
7.00 cgpa to percentage,0,229,0%,5.07
7.05 cgpa in percentage,0,229,0%,7.44
ma ka ful form kya hota hai,0,229,0%,7.83
6.42 cgpa in percentage,0,229,0%,8.78
7.5cgpa in percentage,0,228,0%,3.63
7.70 cgpa in percentage,0,228,0%,8.43
8.19 cgpa in percentage,0,227,0%,10.25
7.76 cgpa in percentage,0,226,0%,7.73
7.01 cgpa to percentage,0,225,0%,9.58
6.29 cgpa in percentage,0,223,0%,9.19
6.35 cgpa in percentage,0,223,0%,9.56
mba duration in india,0,222,0%,11.03
5.7 cgpa in percentage,0,221,0%,9
7.22 cgpa to percentage,0,221,0%,10.05
jain online mba fees,0,220,0%,8.19
7.11 cgpa to percentage,0,220,0%,9.59
9.3 cgpa in percentage,0,219,0%,9.81
phd full form in india,0,218,0%,8.11
ma kitne saal ka hota hai 2026,0,217,0%,5.8
6.20 cgpa in percentage,0,217,0%,6.89
6.65 cgpa to percentage,0,217,0%,8.23
integral university bca fees,0,217,0%,8.9
9.1 cgpa in percentage,0,217,0%,9.03
7cgpa to percentage,0,214,0%,4.18
6.13 cgpa in percentage,0,213,0%,7.86
dayananda sagar university mba fees,0,213,0%,11.16
8.60 cgpa to percentage,0,212,0%,8.77
cgpa 8 in percentage,0,210,0%,5.7
8.77 cgpa in percentage,0,210,0%,9
8.39 cgpa to percentage,0,209,0%,7.84
7.96 cgpa in percentage,0,209,0%,9.55
jain university online mba fees,0,209,0%,10.44
7.74 cgpa in percentage,0,208,0%,10.03
7.54 cgpa in percentage,0,207,0%,8.84
8.89 cgpa to percentage,0,207,0%,10.76
gpa calculator from percentage,0,203,0%,7.96
8.95 cgpa in percentage,0,203,0%,8.12
jain mba fees,0,202,0%,7.11
7.17 cgpa to percentage,0,202,0%,9.39
7.5 cgpa to percentage,0,201,0%,4.39
7.81 cgpa to percentage,0,201,0%,10.3
9 cgpa to percentage,0,200,0%,4.51
7.47 cgpa in percentage,0,200,0%,8.27
6.07 cgpa in percentage,0,199,0%,9.08
7.89 cgpa in percentage,0,199,0%,9.17
b.com full form in hindi,0,198,0%,7.58
ma ka matlab kya hota hai,0,197,0%,6.75
7.20 cgpa in percentage out of 10,0,196,0%,6.69
8.00 cgpa in percentage,0,196,0%,7.71
galgotias online mba,0,195,0%,7.26
7.51 cgpa in percentage,0,195,0%,7.98
naac grade means,0,194,0%,9.54
8.11 cgpa to percentage,0,194,0%,9.79
9.8 cgpa in percentage class 10,0,193,0%,2.64
integral university,0,193,0%,2.91
bca course,0,193,0%,50.39
online degree is valid or not,0,191,0%,1.7
8.16 cgpa in percentage,0,190,0%,8.78
niu mba fees,0,190,0%,9.19
8.02 cgpa in percentage,0,190,0%,9.59
7.66 cgpa in percentage,0,189,0%,10.62
8.2 cgpa into percentage,0,188,0%,6.22
m.a ka full form in hindi,0,188,0%,8.57
ma full form salary,0,184,0%,6.35
naac b++ grade means,0,184,0%,7.05
8.72 cgpa in percentage,0,184,0%,9.8
8.80 cgpa to percentage,0,184,0%,9.87
lpu online bba fees,0,184,0%,10.03
7.84 cgpa in percentage,0,181,0%,9.92
6.66 cgpa in percentage,0,181,0%,10.04
cgpa 7 to percentage,0,180,0%,5.14
7.82 cgpa in percentage,0,180,0%,8.77
8.71 cgpa in percentage,0,179,0%,6.78
5.95 cgpa in percentage,0,179,0%,8.15
5.83 cgpa in percentage,0,178,0%,8.41
7.81 cgpa in percentage,0,178,0%,8.98
8.40 cgpa in percentage,0,178,0%,9.57
8.2 cgpa to percentage,0,177,0%,6.05
jain university online mba fees structure,0,177,0%,9.41
7.10 cgpa in percentage,0,176,0%,7.85
6.31 cgpa in percentage,0,176,0%,8.53
8.2cgpa in percentage,0,175,0%,6.03
8.22 cgpa in percentage,0,175,0%,8.12
8.94 cgpa to percentage,0,175,0%,9.71
8.32 cgpa in percentage,0,175,0%,10.3
6.34 cgpa in percentage,0,174,0%,9.25
मा का फुल फॉर्म क्या होता है,0,174,0%,9.47
dayananda sagar mba fees,0,174,0%,10.79
b com kitne saal ka hota hai 2026,0,173,0%,8.76
ma ki fees kitni hoti hai,0,172,0%,5.42
6.4 cgpa in percentage,0,171,0%,9.21
7.93 cgpa to percentage,0,170,0%,8.57
7.5 gpa in percentage,0,168,0%,4.19
9.9 cgpa in percentage,0,168,0%,8.52
iim ranking in india,0,167,0%,6.11
8.65 cgpa to percentage,0,167,0%,8.16
6.04 cgpa in percentage,0,167,0%,8.26
9.25 cgpa in percentage,0,167,0%,9.16
mba in finance,0,167,0%,68.93
7.98 cgpa to percentage,0,166,0%,8.78
8.83 cgpa in percentage,0,166,0%,9.33
8.84 cgpa to percentage,0,166,0%,9.75
8.00 cgpa to percentage,0,165,0%,8.02
ma ka full form in hindi,0,165,0%,8.62
9.8*9.5,0,164,0%,4.89
6.84 cgpa to percentage,0,162,0%,9.29
6.90 cgpa to percentage,0,162,0%,9.48
9.8 cgpa in percentage in ssc,0,161,0%,7.34
6.64 cgpa in percentage,0,161,0%,9.29
6.95 cgpa to percentage,0,161,0%,10.63
7.8 cgpa into percentage,0,158,0%,4.67
6.86 cgpa in percentage,0,158,0%,8.96
6.12 cgpa in percentage,0,157,0%,8.96
7.19 cgpa in percentage,0,156,0%,8.88
iim kozhikode online mba fees,0,155,0%,10.08
convert 8.2 cgpa into percentage,0,154,0%,8.25
9.35 cgpa to percentage,0,153,0%,9.25
mba in hr,0,153,0%,41.16
mba finance online,0,153,0%,72.8
6.70 cgpa in percentage,0,152,0%,8.44
mba in business analytics,0,152,0%,71.71
6.18 cgpa to percentage,0,151,0%,9.07
7.94 cgpa in percentage,0,151,0%,9.85
convert 9.8 cgpa into percentage,0,150,0%,4.45
6.17 cgpa in percentage,0,150,0%,7.95
ma ka ful form kya hai,0,150,0%,8.17
8.55 cgpa in percentage,0,149,0%,5.88
jain university bangalore mba fees,0,149,0%,6.68
6.94 cgpa to percentage,0,149,0%,8.71
online mba in finance,0,148,0%,76.23
ma ka full form kya hota hai,0,147,0%,7.78
5.75 cgpa to percentage,0,147,0%,8.54
8.45 cgpa in percentage,0,146,0%,8.5
uu online mba,0,146,0%,9.7
6.82 cgpa in percentage,0,146,0%,9.9
6.56 cgpa in percentage,0,145,0%,6.14
5.80 cgpa in percentage,0,144,0%,5.76
8.10 cgpa to percentage,0,144,0%,9.11
total cgpa kitna hota hai,0,143,0%,6.29
change cgpa into percentage,0,143,0%,7.08
convert 8 cgpa into percentage,0,143,0%,7.85
8.99 cgpa to percentage,0,143,0%,10.38
7.8cgpa in percentage,0,141,0%,4.04
7.8 cgpa to percentage,0,141,0%,4.71
m.a full form in hindi,0,141,0%,8.77
8.53 cgpa in percentage,0,141,0%,9.35
7.20 cgpa in percentage,0,140,0%,7.37
bcom full form in hindi,0,138,0%,9.02
6.10 cgpa in percentage,0,137,0%,8.23
6.16 cgpa in percentage,0,137,0%,8.48
5.94 cgpa to percentage,0,137,0%,8.5
mca course details,0,137,0%,39.88
m a full form in hindi,0,136,0%,8.98
online mba finance,0,135,0%,74.5
7.5 cgpa into percentage,0,134,0%,4.39
6.86 cgpa to percentage,0,134,0%,9.14
5.97 cgpa in percentage,0,134,0%,9.58
9.8cgpa in percentage,0,133,0%,3.81
5.73 cgpa in percentage,0,133,0%,8.23
cgpa?,0,132,0%,3.63
8 cgpa means how much percentage,0,132,0%,7.27
5.9 cgpa in percentage,0,132,0%,8.99
8.77 cgpa to percentage,0,132,0%,9.58
6.88 cgpa in percentage,0,132,0%,9.86
7.00 cgpa in percentage,0,131,0%,4.99
7.46 cgpa to percentage,0,131,0%,7.31
6.30 cgpa in percentage,0,131,0%,7.56
9.55 cgpa to percentage,0,131,0%,8.19
5.4 cgpa in percentage,0,131,0%,9.58
mba galgotias university fees,0,131,0%,9.66
a++ grade means,0,128,0%,8.05
8.35 cgpa in percentage,0,128,0%,9.8
9 cgpa,0,127,0%,4.22
6.46 cgpa to percentage,0,127,0%,8.65
6.03 cgpa in percentage,0,127,0%,9.35
6.37 cgpa in percentage,0,127,0%,9.41
convert 7.5 cgpa into percentage,0,126,0%,5.79
govt jobs for mba graduates,0,126,0%,7.72
6.62 cgpa to percentage,0,126,0%,8.4
5.99 cgpa in percentage,0,126,0%,8.61
8.68 cgpa in percentage,0,126,0%,9.17
75 percent in cgpa,0,126,0%,9.36
8.52 cgpa in percentage,0,126,0%,9.43
galgotias university mba total fees,0,126,0%,9.67
75 in cgpa,0,125,0%,7.19
मां का फुल फॉर्म,0,125,0%,9.6
cgpa 9 in percentage,0,124,0%,5.06
galgotias college mba fees,0,124,0%,9.72
mca full form,0,124,0%,23.33
9.8 cgpa to percentage,0,123,0%,3.85
6.28 cgpa in percentage,0,123,0%,8.52
8.04 cgpa in percentage,0,123,0%,9.94
9.03 cgpa to percentage,0,123,0%,10.24
iim ranking,0,122,0%,4.33
मा का फुल फॉर्म क्या है,0,122,0%,8.98
5.77 cgpa in percentage,0,121,0%,8.63
6.41 cgpa to percentage,0,121,0%,10.96
7.9 cgpa into percentage,0,120,0%,4.76
8.79 cgpa in percentage,0,120,0%,8.46
8.30 cgpa in percentage,0,120,0%,9.51
bits pilani wilp mba,0,120,0%,10.05
8cgpa to percentage,0,119,0%,4.46
convert 9 cgpa into percentage,0,119,0%,8.3
b.com ki full form,0,119,0%,10.97
online bba course in india,0,119,0%,47.9
online bba degree in india,0,119,0%,51.78
9.10 cgpa to percentage,0,118,0%,8.54
8.24 cgpa to percentage,0,118,0%,8.68
7.61 cgpa to percentage,0,118,0%,8.86
6.92 cgpa in percentage,0,118,0%,9.63
8.88 cgpa in percentage,0,118,0%,10.25
symbiosis online mba fees for 2 years,0,118,0%,10.66
5.65 cgpa to percentage,0,117,0%,7.91
equivalent percentage from cgpa,0,117,0%,8.21
8.41 cgpa to percentage,0,117,0%,9.18
8.36 cgpa to percentage,0,117,0%,9.28
9.4 cgpa to percentage,0,116,0%,4.07
smu online mba fees,0,116,0%,8.58
is 8.5 cgpa good,0,116,0%,9.03
6.71 cgpa in percentage,0,116,0%,9.62
sikkim manipal university online mba fees,0,116,0%,13.68
cgpa 8.2 to percentage,0,115,0%,5.77
7.40 cgpa in percentage out of 10,0,115,0%,7.43
ma ka full form kitne saal ka hota hai,0,115,0%,7.92
8.70 cgpa in percentage,0,115,0%,8.68
dayananda sagar university mba fees structure,0,115,0%,10.2
7.8 gpa in percentage,0,114,0%,6.38
percent to cgpa,0,114,0%,7.11
8.81 cgpa to percentage,0,114,0%,7.6
6.84 cgpa in percentage,0,114,0%,9.06
5.87 cgpa to percentage,0,113,0%,4.92
7.49 cgpa in percentage,0,113,0%,7.48
6.06 cgpa in percentage,0,112,0%,8.17
6.71 cgpa to percentage,0,112,0%,9.95
8.08 cgpa to percentage,0,112,0%,10.57
dy patil online mba total fees,0,112,0%,11.14
6.30 cgpa to percentage,0,111,0%,6.71
8.5 in percentage,0,111,0%,7.54
bca,0,111,0%,33.61
6.08 cgpa to percentage,0,110,0%,7.62
7.78 cgpa to percentage,0,110,0%,7.85
5.85 cgpa in percentage,0,110,0%,8.25
6.99 cgpa in percentage,0,110,0%,9.38
8.91 cgpa to percentage,0,110,0%,10.25
bca degree,0,110,0%,55.53
7.9 cgpa to percentage,0,109,0%,3.7
6.18 cgpa in percentage,0,109,0%,8.28
8.07 cgpa to percentage,0,109,0%,8.47
6.59 cgpa to percentage,0,109,0%,8.67
all iims in india,0,109,0%,9.48
9.44 cgpa in percentage,0,109,0%,9.62
6.44 cgpa to percentage,0,109,0%,9.78
jamia hamdard online mba fees,0,109,0%,12.66
9 cgpa means,0,108,0%,7.89
all iim in india,0,108,0%,9.69
mba finance,0,108,0%,66.96
5.3 cgpa in percentage,0,107,0%,6.9