university,programme,spec_slug,currently_emitted_name,verified_name,page_url
"amity-university-online","BBA","business-analytics","Business Analytics","","https://edifyedu.in/universities/amity-university-online/bba/business-analytics"
"amity-university-online","BBA","general-business-administration-option-for-data-analytics-specialisation","General Business Administration Option For Data Analytics Specialisation","","https://edifyedu.in/universities/amity-university-online/bba/general-business-administration-option-for-data-analytics-specialisation"
"amity-university-online","BCA","cloud-security","Cloud Security","","https://edifyedu.in/universities/amity-university-online/bca/cloud-security"
"amity-university-online","BCA","computer-applications-financial-technology-ai-with-paytm","Computer Applications Financial Technology AI With Paytm","","https://edifyedu.in/universities/amity-university-online/bca/computer-applications-financial-technology-ai-with-paytm"
"amity-university-online","BCA","data-analytics","Data Analytics","","https://edifyedu.in/universities/amity-university-online/bca/data-analytics"
"amity-university-online","BCA","data-engineering","Data Engineering","","https://edifyedu.in/universities/amity-university-online/bca/data-engineering"
"amity-university-online","BCA","data-science","Data Science","","https://edifyedu.in/universities/amity-university-online/bca/data-science"
"amity-university-online","BCA","software-engineering","Software Engineering","","https://edifyedu.in/universities/amity-university-online/bca/software-engineering"
"amity-university-online","MBA","digital-marketing","Digital Marketing","","https://edifyedu.in/universities/amity-university-online/mba/digital-marketing"
"amity-university-online","MBA","healthcare-management","Healthcare Management","","https://edifyedu.in/universities/amity-university-online/mba/healthcare-management"
"amity-university-online","MBA","hr-management","HR Management","","https://edifyedu.in/universities/amity-university-online/mba/hr-management"
"amity-university-online","MBA","retail","Retail","","https://edifyedu.in/universities/amity-university-online/mba/retail"
"amity-university-online","MCA","artificial-intelligence-machine-learning","Artificial Intelligence Machine Learning","","https://edifyedu.in/universities/amity-university-online/mca/artificial-intelligence-machine-learning"
"amrita-vishwa-vidyapeetham-online","BCA","artificial-intelligence-data-science","Artificial Intelligence Data Science","","https://edifyedu.in/universities/amrita-vishwa-vidyapeetham-online/bca/artificial-intelligence-data-science"
"amrita-vishwa-vidyapeetham-online","MBA","esg","ESG","","https://edifyedu.in/universities/amrita-vishwa-vidyapeetham-online/mba/esg"
"amrita-vishwa-vidyapeetham-online","MBA","hr-management","HR Management","","https://edifyedu.in/universities/amrita-vishwa-vidyapeetham-online/mba/hr-management"
"amrita-vishwa-vidyapeetham-online","MBA","operations","Operations","","https://edifyedu.in/universities/amrita-vishwa-vidyapeetham-online/mba/operations"
"amrita-vishwa-vidyapeetham-online","MCA","artificial-intelligence","Artificial Intelligence","","https://edifyedu.in/universities/amrita-vishwa-vidyapeetham-online/mca/artificial-intelligence"
"amrita-vishwa-vidyapeetham-online","MCA","artificial-intelligence-machine-learning","Artificial Intelligence Machine Learning","","https://edifyedu.in/universities/amrita-vishwa-vidyapeetham-online/mca/artificial-intelligence-machine-learning"
"amrita-vishwa-vidyapeetham-online","MCA","cyber-security","Cyber Security","","https://edifyedu.in/universities/amrita-vishwa-vidyapeetham-online/mca/cyber-security"
"andhra-university-online","MBA","hr-management","HR Management","","https://edifyedu.in/universities/andhra-university-online/mba/hr-management"
"assam-don-bosco-university-online","BBA","human-resource-management","Human Resource Management","","https://edifyedu.in/universities/assam-don-bosco-university-online/bba/human-resource-management"
"bharathidasan-university-online","MBA","hr-management","HR Management","","https://edifyedu.in/universities/bharathidasan-university-online/mba/hr-management"
"bharathidasan-university-online","MBA","operations","Operations","","https://edifyedu.in/universities/bharathidasan-university-online/mba/operations"
"bharati-vidyapeeth-university-online","BBA","event-management","Event Management","","https://edifyedu.in/universities/bharati-vidyapeeth-university-online/bba/event-management"
"bharati-vidyapeeth-university-online","BBA","finance","Finance","","https://edifyedu.in/universities/bharati-vidyapeeth-university-online/bba/finance"
"bharati-vidyapeeth-university-online","BBA","human-resource-management","Human Resource Management","","https://edifyedu.in/universities/bharati-vidyapeeth-university-online/bba/human-resource-management"
"bharati-vidyapeeth-university-online","BBA","it","IT","","https://edifyedu.in/universities/bharati-vidyapeeth-university-online/bba/it"
"bharati-vidyapeeth-university-online","BBA","project-management","Project Management","","https://edifyedu.in/universities/bharati-vidyapeeth-university-online/bba/project-management"
"bharati-vidyapeeth-university-online","MCA","dot-net","Dot Net","","https://edifyedu.in/universities/bharati-vidyapeeth-university-online/mca/dot-net"
"bs-abdur-rahman-university-online","MBA","finance","Finance","","https://edifyedu.in/universities/bs-abdur-rahman-university-online/mba/finance"
"chandigarh-university-online","BBA","business-analytics","Business Analytics","","https://edifyedu.in/universities/chandigarh-university-online/bba/business-analytics"
"chandigarh-university-online","MBA","hr-management","HR Management","","https://edifyedu.in/universities/chandigarh-university-online/mba/hr-management"
"chandigarh-university-online","MBA","it-management","IT Management","","https://edifyedu.in/universities/chandigarh-university-online/mba/it-management"
"chandigarh-university-online","MBA","operations","Operations","","https://edifyedu.in/universities/chandigarh-university-online/mba/operations"
"chandigarh-university-online","MBA","retail","Retail","","https://edifyedu.in/universities/chandigarh-university-online/mba/retail"
"chandigarh-university-online","MCA","artificial-intelligence-machine-learning","Artificial Intelligence Machine Learning","","https://edifyedu.in/universities/chandigarh-university-online/mca/artificial-intelligence-machine-learning"
"charusat-university-online","BBA","human-resource-management","Human Resource Management","","https://edifyedu.in/universities/charusat-university-online/bba/human-resource-management"
"charusat-university-online","MBA","marketing","Marketing","","https://edifyedu.in/universities/charusat-university-online/mba/marketing"
"chhatrapati-shahu-ji-maharaj-university-online","MBA","general-contact-university-for-specialisations","General Contact University For Specialisations","","https://edifyedu.in/universities/chhatrapati-shahu-ji-maharaj-university-online/mba/general-contact-university-for-specialisations"
"christ-university-online","MCA","computer-science-and-it","Computer Science And IT","","https://edifyedu.in/universities/christ-university-online/mca/computer-science-and-it"
"datta-meghe-university-online","MBA","it-systems","IT Systems","","https://edifyedu.in/universities/datta-meghe-university-online/mba/it-systems"
"dayalbagh-educational-institute-online","BBA","management","Management","","https://edifyedu.in/universities/dayalbagh-educational-institute-online/bba/management"
"dayananda-sagar-university-online","BBA","supply-chain-management","Supply Chain Management","","https://edifyedu.in/universities/dayananda-sagar-university-online/bba/supply-chain-management"
"dayananda-sagar-university-online","MCA","artificial-intelligence","Artificial Intelligence","","https://edifyedu.in/universities/dayananda-sagar-university-online/mca/artificial-intelligence"
"dayananda-sagar-university-online","MCA","big-data-analytics","Big Data Analytics","","https://edifyedu.in/universities/dayananda-sagar-university-online/mca/big-data-analytics"
"dayananda-sagar-university-online","MCA","blockchain-technologies","Blockchain Technologies","","https://edifyedu.in/universities/dayananda-sagar-university-online/mca/blockchain-technologies"
"dayananda-sagar-university-online","MCA","business-data-analytics","Business Data Analytics","","https://edifyedu.in/universities/dayananda-sagar-university-online/mca/business-data-analytics"
"dayananda-sagar-university-online","MCA","business-intelligence-technology","Business Intelligence Technology","","https://edifyedu.in/universities/dayananda-sagar-university-online/mca/business-intelligence-technology"
"dayananda-sagar-university-online","MCA","cloud-computing-technologies","Cloud Computing Technologies","","https://edifyedu.in/universities/dayananda-sagar-university-online/mca/cloud-computing-technologies"
"dayananda-sagar-university-online","MCA","data-analytics-visualization","Data Analytics Visualization","","https://edifyedu.in/universities/dayananda-sagar-university-online/mca/data-analytics-visualization"
"dayananda-sagar-university-online","MCA","deep-learning","Deep Learning","","https://edifyedu.in/universities/dayananda-sagar-university-online/mca/deep-learning"
"dayananda-sagar-university-online","MCA","industrial-iot-automation","Industrial Iot Automation","","https://edifyedu.in/universities/dayananda-sagar-university-online/mca/industrial-iot-automation"
"dayananda-sagar-university-online","MCA","mobile-application-development","Mobile Application Development","","https://edifyedu.in/universities/dayananda-sagar-university-online/mca/mobile-application-development"
"dayananda-sagar-university-online","MCA","natural-language-processing","Natural Language Processing","","https://edifyedu.in/universities/dayananda-sagar-university-online/mca/natural-language-processing"
"dayananda-sagar-university-online","MCA","quantum-computing","Quantum Computing","","https://edifyedu.in/universities/dayananda-sagar-university-online/mca/quantum-computing"
"dayananda-sagar-university-online","MCA","quantum-machine-learning","Quantum Machine Learning","","https://edifyedu.in/universities/dayananda-sagar-university-online/mca/quantum-machine-learning"
"dr-babasaheb-ambedkar-open-university-online","MBA","hr-management","HR Management","","https://edifyedu.in/universities/dr-babasaheb-ambedkar-open-university-online/mba/hr-management"
"dy-patil-university-online","BBA","human-resource-management","Human Resource Management","","https://edifyedu.in/universities/dy-patil-university-online/bba/human-resource-management"
"dy-patil-university-online","BCA","bca","Bca","","https://edifyedu.in/universities/dy-patil-university-online/bca/bca"
"dy-patil-university-online","MBA","data-science-abd-business-analytics","Data Science Abd Business Analytics","","https://edifyedu.in/universities/dy-patil-university-online/mba/data-science-abd-business-analytics"
"dy-patil-university-online","MBA","digital-mktg","Digital Mktg","","https://edifyedu.in/universities/dy-patil-university-online/mba/digital-mktg"
"dy-patil-university-online","MBA","entrepreneur","Entrepreneur","","https://edifyedu.in/universities/dy-patil-university-online/mba/entrepreneur"
"dy-patil-university-online","MBA","event-mgmt","Event Mgmt","","https://edifyedu.in/universities/dy-patil-university-online/mba/event-mgmt"
"dy-patil-university-online","MBA","healthcare","Healthcare","","https://edifyedu.in/universities/dy-patil-university-online/mba/healthcare"
"dy-patil-university-online","MBA","hr-management","HR Management","","https://edifyedu.in/universities/dy-patil-university-online/mba/hr-management"
"dy-patil-university-online","MBA","intl-business","Intl Business","","https://edifyedu.in/universities/dy-patil-university-online/mba/intl-business"
"dy-patil-university-online","MBA","logistics-scm","Logistics Scm","","https://edifyedu.in/universities/dy-patil-university-online/mba/logistics-scm"
"dy-patil-university-online","MBA","retail","Retail","","https://edifyedu.in/universities/dy-patil-university-online/mba/retail"
"dy-patil-university-online","MBA","sales-mktg","Sales Mktg","","https://edifyedu.in/universities/dy-patil-university-online/mba/sales-mktg"
"ganpat-university-online","BBA","ib","Ib","","https://edifyedu.in/universities/ganpat-university-online/bba/ib"
"ganpat-university-online","MBA","hr-management","HR Management","","https://edifyedu.in/universities/ganpat-university-online/mba/hr-management"
"gla-university-online","MBA","banking-financial-services","Banking Financial Services","","https://edifyedu.in/universities/gla-university-online/mba/banking-financial-services"
"gla-university-online","MBA","business-analytics","Business Analytics","","https://edifyedu.in/universities/gla-university-online/mba/business-analytics"
"gls-university-online","BBA","finance","Finance","","https://edifyedu.in/universities/gls-university-online/bba/finance"
"gls-university-online","BBA","human-resource-management","Human Resource Management","","https://edifyedu.in/universities/gls-university-online/bba/human-resource-management"
"gls-university-online","BBA","international-business","International Business","","https://edifyedu.in/universities/gls-university-online/bba/international-business"
"gls-university-online","BBA","marketing","Marketing","","https://edifyedu.in/universities/gls-university-online/bba/marketing"
"gls-university-online","BBA","public","Public","","https://edifyedu.in/universities/gls-university-online/bba/public"
"gls-university-online","BCA","artificial-intelligence-machine-learning","Artificial Intelligence Machine Learning","","https://edifyedu.in/universities/gls-university-online/bca/artificial-intelligence-machine-learning"
"gls-university-online","BCA","web-development","Web Development","","https://edifyedu.in/universities/gls-university-online/bca/web-development"
"gls-university-online","MBA","hr-management","HR Management","","https://edifyedu.in/universities/gls-university-online/mba/hr-management"
"guru-ghasidas-vishwavidyalaya-online","MBA","hr-management","HR Management","","https://edifyedu.in/universities/guru-ghasidas-vishwavidyalaya-online/mba/hr-management"
"guru-ghasidas-vishwavidyalaya-online","MCA","computer-science-and-information-technology","Computer Science And Information Technology","","https://edifyedu.in/universities/guru-ghasidas-vishwavidyalaya-online/mca/computer-science-and-information-technology"
"guru-nanak-dev-university-online","MCA","general-computer-applications","General Computer Applications","","https://edifyedu.in/universities/guru-nanak-dev-university-online/mca/general-computer-applications"
"hindustan-institute-technology-online","MBA","hospital-management","Hospital Management","","https://edifyedu.in/universities/hindustan-institute-technology-online/mba/hospital-management"
"hindustan-institute-technology-online","MBA","hr-management","HR Management","","https://edifyedu.in/universities/hindustan-institute-technology-online/mba/hr-management"
"hindustan-institute-technology-online","MBA","logistics-and-supply-chain-management","Logistics And Supply Chain Management","","https://edifyedu.in/universities/hindustan-institute-technology-online/mba/logistics-and-supply-chain-management"
"hindustan-institute-technology-online","MBA","marketing","Marketing","","https://edifyedu.in/universities/hindustan-institute-technology-online/mba/marketing"
"hindustan-institute-technology-online","MBA","operations","Operations","","https://edifyedu.in/universities/hindustan-institute-technology-online/mba/operations"
"jagannath-university-online","MBA","hr-management","HR Management","","https://edifyedu.in/universities/jagannath-university-online/mba/hr-management"
"jagannath-university-online","MBA","it-management","IT Management","","https://edifyedu.in/universities/jagannath-university-online/mba/it-management"
"jain-university-online","BBA","data-science-analytics","Data Science Analytics","","https://edifyedu.in/universities/jain-university-online/bba/data-science-analytics"
"jain-university-online","BCA","data-science-analytics","Data Science Analytics","","https://edifyedu.in/universities/jain-university-online/bca/data-science-analytics"
"jain-university-online","MBA","hr-management","HR Management","","https://edifyedu.in/universities/jain-university-online/mba/hr-management"
"jain-university-online","MCA","artificial-intelligence","Artificial Intelligence","","https://edifyedu.in/universities/jain-university-online/mca/artificial-intelligence"
"jain-university-online","MCA","computer-science-and-information-technology","Computer Science And Information Technology","","https://edifyedu.in/universities/jain-university-online/mca/computer-science-and-information-technology"
"jain-university-online","MCA","cyber-security","Cyber Security","","https://edifyedu.in/universities/jain-university-online/mca/cyber-security"
"jain-university-online","MCA","data-analytics","Data Analytics","","https://edifyedu.in/universities/jain-university-online/mca/data-analytics"
"jain-university-online","MCA","devops","Devops","","https://edifyedu.in/universities/jain-university-online/mca/devops"
"jain-university-online","MCA","natural-language-processing-large-language-models-development","Natural Language Processing Large Language Models Development","","https://edifyedu.in/universities/jain-university-online/mca/natural-language-processing-large-language-models-development"
"jamia-millia-islamia-online","MBA","finance","Finance","","https://edifyedu.in/universities/jamia-millia-islamia-online/mba/finance"
"jamia-millia-islamia-online","MBA","hr-management","HR Management","","https://edifyedu.in/universities/jamia-millia-islamia-online/mba/hr-management"
"jamia-millia-islamia-online","MBA","marketing","Marketing","","https://edifyedu.in/universities/jamia-millia-islamia-online/mba/marketing"
"jamia-millia-islamia-online","MBA","operations","Operations","","https://edifyedu.in/universities/jamia-millia-islamia-online/mba/operations"
"kalasalingam-university-online","MBA","hr-management","HR Management","","https://edifyedu.in/universities/kalasalingam-university-online/mba/hr-management"
"karnataka-state-open-university-online","BBA","supply-chain","Supply Chain","","https://edifyedu.in/universities/karnataka-state-open-university-online/bba/supply-chain"
"karnataka-state-open-university-online","MBA","human-resources","Human Resources","","https://edifyedu.in/universities/karnataka-state-open-university-online/mba/human-resources"
"karnataka-state-open-university-online","MBA","operations","Operations","","https://edifyedu.in/universities/karnataka-state-open-university-online/mba/operations"
"karunya-university-online","MBA","business-analytics","Business Analytics","","https://edifyedu.in/universities/karunya-university-online/mba/business-analytics"
"karunya-university-online","MBA","entrepreneurship","Entrepreneurship","","https://edifyedu.in/universities/karunya-university-online/mba/entrepreneurship"
"karunya-university-online","MBA","human-resources","Human Resources","","https://edifyedu.in/universities/karunya-university-online/mba/human-resources"
"karunya-university-online","MBA","logistics-and-supply-chain-management","Logistics And Supply Chain Management","","https://edifyedu.in/universities/karunya-university-online/mba/logistics-and-supply-chain-management"
"karunya-university-online","MBA","marketing","Marketing","","https://edifyedu.in/universities/karunya-university-online/mba/marketing"
"kl-university-online","MBA","hr-management","HR Management","","https://edifyedu.in/universities/kl-university-online/mba/hr-management"
"kl-university-online","MCA","cloud-computing","Cloud Computing","","https://edifyedu.in/universities/kl-university-online/mca/cloud-computing"
"kl-university-online","MCA","cyber-security","Cyber Security","","https://edifyedu.in/universities/kl-university-online/mca/cyber-security"
"lovely-professional-university-online","BBA","banking-and-finance","Banking And Finance","","https://edifyedu.in/universities/lovely-professional-university-online/bba/banking-and-finance"
"lovely-professional-university-online","BBA","fin-tech","Fin Tech","","https://edifyedu.in/universities/lovely-professional-university-online/bba/fin-tech"
"lovely-professional-university-online","BBA","logistics-and-supply-chain-management","Logistics And Supply Chain Management","","https://edifyedu.in/universities/lovely-professional-university-online/bba/logistics-and-supply-chain-management"
"lovely-professional-university-online","BBA","retail-and-e-commerce","Retail And E Commerce","","https://edifyedu.in/universities/lovely-professional-university-online/bba/retail-and-e-commerce"
"lovely-professional-university-online","BCA","ai","AI","","https://edifyedu.in/universities/lovely-professional-university-online/bca/ai"
"lovely-professional-university-online","MBA","hr-management","HR Management","","https://edifyedu.in/universities/lovely-professional-university-online/mba/hr-management"
"lovely-professional-university-online","MBA","it-management","IT Management","","https://edifyedu.in/universities/lovely-professional-university-online/mba/it-management"
"lovely-professional-university-online","MBA","operations","Operations","","https://edifyedu.in/universities/lovely-professional-university-online/mba/operations"
"lovely-professional-university-online","MBA","supply-chain-management","Supply Chain Management","","https://edifyedu.in/universities/lovely-professional-university-online/mba/supply-chain-management"
"maharishi-markandeshwar-university-online","BBA","banking","Banking","","https://edifyedu.in/universities/maharishi-markandeshwar-university-online/bba/banking"
"maharishi-markandeshwar-university-online","MBA","hr-management","HR Management","","https://edifyedu.in/universities/maharishi-markandeshwar-university-online/mba/hr-management"
"maharishi-markandeshwar-university-online","MBA","marketing","Marketing","","https://edifyedu.in/universities/maharishi-markandeshwar-university-online/mba/marketing"
"mahatma-gandhi-university-online","MBA","hr-management","HR Management","","https://edifyedu.in/universities/mahatma-gandhi-university-online/mba/hr-management"
"mahatma-gandhi-university-online","MBA","operations","Operations","","https://edifyedu.in/universities/mahatma-gandhi-university-online/mba/operations"
"manav-rachna-online","BBA","digital","Digital","","https://edifyedu.in/universities/manav-rachna-online/bba/digital"
"manav-rachna-online","MBA","hr-management","HR Management","","https://edifyedu.in/universities/manav-rachna-online/mba/hr-management"
"manav-rachna-online","MCA","cyber-security","Cyber Security","","https://edifyedu.in/universities/manav-rachna-online/mca/cyber-security"
"manipal-university-jaipur-online","MBA","hr-management","HR Management","","https://edifyedu.in/universities/manipal-university-jaipur-online/mba/hr-management"
"manipal-university-jaipur-online","MBA","operations","Operations","","https://edifyedu.in/universities/manipal-university-jaipur-online/mba/operations"
"manipal-university-jaipur-online","MBA","retail","Retail","","https://edifyedu.in/universities/manipal-university-jaipur-online/mba/retail"
"manonmaniam-sundaranar-university-online","MBA","finance","Finance","","https://edifyedu.in/universities/manonmaniam-sundaranar-university-online/mba/finance"
"manonmaniam-sundaranar-university-online","MBA","hr-management","HR Management","","https://edifyedu.in/universities/manonmaniam-sundaranar-university-online/mba/hr-management"
"manonmaniam-sundaranar-university-online","MBA","marketing","Marketing","","https://edifyedu.in/universities/manonmaniam-sundaranar-university-online/mba/marketing"
"marwadi-university-online","MBA","hr-management","HR Management","","https://edifyedu.in/universities/marwadi-university-online/mba/hr-management"
"marwadi-university-online","MCA","software-engineering","Software Engineering","","https://edifyedu.in/universities/marwadi-university-online/mca/software-engineering"
"marwadi-university-online","MCA","web-and-mobile","Web And Mobile","","https://edifyedu.in/universities/marwadi-university-online/mca/web-and-mobile"
"mats-university-online","BBA","general-management-contact-university-for-specialisation-structure","General Management Contact University For Specialisation Structure","","https://edifyedu.in/universities/mats-university-online/bba/general-management-contact-university-for-specialisation-structure"
"mats-university-online","BCA","general-computer-applications-contact-university-for-specialisation","General Computer Applications Contact University For Specialisation","","https://edifyedu.in/universities/mats-university-online/bca/general-computer-applications-contact-university-for-specialisation"
"mats-university-online","MBA","finance-marketing-human-resources-operations-strategy-contact-university-for-specialisation-structure","Finance Marketing Human Resources Operations Strategy Contact University For Specialisation Structure","","https://edifyedu.in/universities/mats-university-online/mba/finance-marketing-human-resources-operations-strategy-contact-university-for-specialisation-structure"
"mizoram-university-online","MBA","finance","Finance","","https://edifyedu.in/universities/mizoram-university-online/mba/finance"
"mizoram-university-online","MBA","marketing","Marketing","","https://edifyedu.in/universities/mizoram-university-online/mba/marketing"
"mizoram-university-online","MBA","supply-chain-management","Supply Chain Management","","https://edifyedu.in/universities/mizoram-university-online/mba/supply-chain-management"
"mody-university-online","MCA","artificial-intelligence-machine-learning","Artificial Intelligence Machine Learning","","https://edifyedu.in/universities/mody-university-online/mca/artificial-intelligence-machine-learning"
"nmims-online","MBA","hr-management","HR Management","","https://edifyedu.in/universities/nmims-online/mba/hr-management"
"nmims-online","MBA","marketing","Marketing","","https://edifyedu.in/universities/nmims-online/mba/marketing"
"noida-international-university-online","MCA","ai-data-science","AI Data Science","","https://edifyedu.in/universities/noida-international-university-online/mca/ai-data-science"
"noida-international-university-online","MCA","cyber-security","Cyber Security","","https://edifyedu.in/universities/noida-international-university-online/mca/cyber-security"
"northcap-university-online","BBA","finance","Finance","","https://edifyedu.in/universities/northcap-university-online/bba/finance"
"northcap-university-online","BBA","human-resource-management","Human Resource Management","","https://edifyedu.in/universities/northcap-university-online/bba/human-resource-management"
"northcap-university-online","BBA","marketing","Marketing","","https://edifyedu.in/universities/northcap-university-online/bba/marketing"
"parul-university-online","BCA","general-data-mining","General Data Mining","","https://edifyedu.in/universities/parul-university-online/bca/general-data-mining"
"parul-university-online","BCA","general-deep-learning","General Deep Learning","","https://edifyedu.in/universities/parul-university-online/bca/general-deep-learning"
"parul-university-online","BCA","general-machine-learning","General Machine Learning","","https://edifyedu.in/universities/parul-university-online/bca/general-machine-learning"
"parul-university-online","BCA","general-mobile-app-dev","General Mobile App Dev","","https://edifyedu.in/universities/parul-university-online/bca/general-mobile-app-dev"
"pp-savani-university-online","MBA","supply-chain-management","Supply Chain Management","","https://edifyedu.in/universities/pp-savani-university-online/mba/supply-chain-management"
"sathyabama-university-online","MBA","human-resources","Human Resources","","https://edifyedu.in/universities/sathyabama-university-online/mba/human-resources"
"savitribai-phule-pune-university-online","BCA","general","General","","https://edifyedu.in/universities/savitribai-phule-pune-university-online/bca/general"
"savitribai-phule-pune-university-online","BCA","general-android","General Android","","https://edifyedu.in/universities/savitribai-phule-pune-university-online/bca/general-android"
"savitribai-phule-pune-university-online","BCA","general-dbms","General Dbms","","https://edifyedu.in/universities/savitribai-phule-pune-university-online/bca/general-dbms"
"savitribai-phule-pune-university-online","BCA","general-dot-net","General Dot Net","","https://edifyedu.in/universities/savitribai-phule-pune-university-online/bca/general-dot-net"
"savitribai-phule-pune-university-online","BCA","general-java","General Java","","https://edifyedu.in/universities/savitribai-phule-pune-university-online/bca/general-java"
"savitribai-phule-pune-university-online","BCA","general-python","General Python","","https://edifyedu.in/universities/savitribai-phule-pune-university-online/bca/general-python"
"savitribai-phule-pune-university-online","BCA","general-software-testing","General Software Testing","","https://edifyedu.in/universities/savitribai-phule-pune-university-online/bca/general-software-testing"
"savitribai-phule-pune-university-online","BCA","general-web","General Web","","https://edifyedu.in/universities/savitribai-phule-pune-university-online/bca/general-web"
"sgt-university-online","BBA","analytics","Analytics","","https://edifyedu.in/universities/sgt-university-online/bba/analytics"
"sgt-university-online","BBA","finance","Finance","","https://edifyedu.in/universities/sgt-university-online/bba/finance"
"sgt-university-online","BBA","human-resources","Human Resources","","https://edifyedu.in/universities/sgt-university-online/bba/human-resources"
"sgt-university-online","BBA","marketing","Marketing","","https://edifyedu.in/universities/sgt-university-online/bba/marketing"
"sgt-university-online","BCA","artificial-intelligence-machine-learning","Artificial Intelligence Machine Learning","","https://edifyedu.in/universities/sgt-university-online/bca/artificial-intelligence-machine-learning"
"sgt-university-online","BCA","cloud-computing","Cloud Computing","","https://edifyedu.in/universities/sgt-university-online/bca/cloud-computing"
"sgt-university-online","BCA","cybersecurity","Cybersecurity","","https://edifyedu.in/universities/sgt-university-online/bca/cybersecurity"
"sgt-university-online","MBA","hr-management","HR Management","","https://edifyedu.in/universities/sgt-university-online/mba/hr-management"
"sharda-university-online","MCA","ar","Ar","","https://edifyedu.in/universities/sharda-university-online/mca/ar"
"sharda-university-online","MCA","augmented-reality-and-virtual-reality-with-artificial-intelligence","Augmented Reality And Virtual Reality With Artificial Intelligence","","https://edifyedu.in/universities/sharda-university-online/mca/augmented-reality-and-virtual-reality-with-artificial-intelligence"
"sharda-university-online","MCA","computer-science-and-information-technology","Computer Science And Information Technology","","https://edifyedu.in/universities/sharda-university-online/mca/computer-science-and-information-technology"
"sharda-university-online","MCA","vr-and-information-security","Vr And Information Security","","https://edifyedu.in/universities/sharda-university-online/mca/vr-and-information-security"
"shobhit-university-online","MBA","finance","Finance","","https://edifyedu.in/universities/shobhit-university-online/mba/finance"
"shobhit-university-online","MBA","human","Human","","https://edifyedu.in/universities/shobhit-university-online/mba/human"
"shobhit-university-online","MBA","marketing","Marketing","","https://edifyedu.in/universities/shobhit-university-online/mba/marketing"
"shobhit-university-online","MCA","artificial-intelligence-machine-learning","Artificial Intelligence Machine Learning","","https://edifyedu.in/universities/shobhit-university-online/mca/artificial-intelligence-machine-learning"
"shoolini-university-online","BBA","bba","Bba","","https://edifyedu.in/universities/shoolini-university-online/bba/bba"
"shoolini-university-online","BCA","bca","Bca","","https://edifyedu.in/universities/shoolini-university-online/bca/bca"
"shoolini-university-online","MBA","banking-insurance","Banking Insurance","","https://edifyedu.in/universities/shoolini-university-online/mba/banking-insurance"
"shoolini-university-online","MBA","data-science-business-analytics","Data Science Business Analytics","","https://edifyedu.in/universities/shoolini-university-online/mba/data-science-business-analytics"
"shoolini-university-online","MBA","hr-management","HR Management","","https://edifyedu.in/universities/shoolini-university-online/mba/hr-management"
"shoolini-university-online","MBA","marketing","Marketing","","https://edifyedu.in/universities/shoolini-university-online/mba/marketing"
"shoolini-university-online","MBA","operation-supply-chain-management","Operation Supply Chain Management","","https://edifyedu.in/universities/shoolini-university-online/mba/operation-supply-chain-management"
"shoolini-university-online","MBA","pharma-health-care-management","Pharma Health Care Management","","https://edifyedu.in/universities/shoolini-university-online/mba/pharma-health-care-management"
"shoolini-university-online","MBA","retail","Retail","","https://edifyedu.in/universities/shoolini-university-online/mba/retail"
"shoolini-university-online","MCA","ai-specialization","AI Specialization","","https://edifyedu.in/universities/shoolini-university-online/mca/ai-specialization"
"shoolini-university-online","MCA","full-stack","Full Stack","","https://edifyedu.in/universities/shoolini-university-online/mca/full-stack"
"subharti-university-online","MBA","finance","Finance","","https://edifyedu.in/universities/subharti-university-online/mba/finance"
"subharti-university-online","MBA","hr-management","HR Management","","https://edifyedu.in/universities/subharti-university-online/mba/hr-management"
"subharti-university-online","MBA","marketing","Marketing","","https://edifyedu.in/universities/subharti-university-online/mba/marketing"
"teerthanker-mahaveer-university-online","MBA","hr-management","HR Management","","https://edifyedu.in/universities/teerthanker-mahaveer-university-online/mba/hr-management"
"university-of-lucknow-online","MBA","hr-management","HR Management","","https://edifyedu.in/universities/university-of-lucknow-online/mba/hr-management"
"university-of-madras-online","MBA","hr-management","HR Management","","https://edifyedu.in/universities/university-of-madras-online/mba/hr-management"
"university-of-mysore-online","MBA","data-science-and-business-analytics","Data Science And Business Analytics","","https://edifyedu.in/universities/university-of-mysore-online/mba/data-science-and-business-analytics"
"university-of-mysore-online","MBA","hr-management","HR Management","","https://edifyedu.in/universities/university-of-mysore-online/mba/hr-management"
"upes-online","BBA","finance","Finance","","https://edifyedu.in/universities/upes-online/bba/finance"
"upes-online","MBA","hr-management","HR Management","","https://edifyedu.in/universities/upes-online/mba/hr-management"
"upes-online","MBA","marketing","Marketing","","https://edifyedu.in/universities/upes-online/mba/marketing"
"upes-online","MBA","operations","Operations","","https://edifyedu.in/universities/upes-online/mba/operations"
"upes-online","MBA","supply-chain-management","Supply Chain Management","","https://edifyedu.in/universities/upes-online/mba/supply-chain-management"
"upes-online","MCA","cyber-security-and-forensics","Cyber Security And Forensics","","https://edifyedu.in/universities/upes-online/mca/cyber-security-and-forensics"
"upes-online","MCA","cyber-security-forensics","Cyber Security Forensics","","https://edifyedu.in/universities/upes-online/mca/cyber-security-forensics"
"uttaranchal-university-online","BCA","iot","Iot","","https://edifyedu.in/universities/uttaranchal-university-online/bca/iot"
"vels-university-online","MBA","hr-management","HR Management","","https://edifyedu.in/universities/vels-university-online/mba/hr-management"
"vels-university-online","MBA","marketing","Marketing","","https://edifyedu.in/universities/vels-university-online/mba/marketing"
"vels-university-online","MBA","production-management","Production Management","","https://edifyedu.in/universities/vels-university-online/mba/production-management"
"vels-university-online","MBA","systems-management","Systems Management","","https://edifyedu.in/universities/vels-university-online/mba/systems-management"
"vignan-university-online","MCA","computer-science-and-it","Computer Science And IT","","https://edifyedu.in/universities/vignan-university-online/mca/computer-science-and-it"
"vignan-university-online","MCA","computer-science-it","Computer Science IT","","https://edifyedu.in/universities/vignan-university-online/mca/computer-science-it"
"vit-university-online","MCA","artificial-intelligence","Artificial Intelligence","","https://edifyedu.in/universities/vit-university-online/mca/artificial-intelligence"
"vit-university-online","MCA","big-data-analytics","Big Data Analytics","","https://edifyedu.in/universities/vit-university-online/mca/big-data-analytics"
"vit-university-online","MCA","blockchain-technologies","Blockchain Technologies","","https://edifyedu.in/universities/vit-university-online/mca/blockchain-technologies"
"vit-university-online","MCA","computer-architecture","Computer Architecture","","https://edifyedu.in/universities/vit-university-online/mca/computer-architecture"
"vit-university-online","MCA","cyber-forensics","Cyber Forensics","","https://edifyedu.in/universities/vit-university-online/mca/cyber-forensics"
"vit-university-online","MCA","cyber-security","Cyber Security","","https://edifyedu.in/universities/vit-university-online/mca/cyber-security"
"vit-university-online","MCA","data-mining-techniques","Data Mining Techniques","","https://edifyedu.in/universities/vit-university-online/mca/data-mining-techniques"
"vit-university-online","MCA","machine-learning","Machine Learning","","https://edifyedu.in/universities/vit-university-online/mca/machine-learning"
"vit-university-online","MCA","mobile-application-development","Mobile Application Development","","https://edifyedu.in/universities/vit-university-online/mca/mobile-application-development"
"vit-university-online","MCA","software-quality-assurance-and-reliability","Software Quality Assurance And Reliability","","https://edifyedu.in/universities/vit-university-online/mca/software-quality-assurance-and-reliability"
"vit-university-online","MCA","virtual-and-augmented-reality","Virtual And Augmented Reality","","https://edifyedu.in/universities/vit-university-online/mca/virtual-and-augmented-reality"
"vivekananda-global-university-online","BBA","fintech","Fintech","","https://edifyedu.in/universities/vivekananda-global-university-online/bba/fintech"
"vivekananda-global-university-online","BCA","ux-data-science-ctis-cloud-tech-info-security","UX Data Science Ctis Cloud Tech Info Security","","https://edifyedu.in/universities/vivekananda-global-university-online/bca/ux-data-science-ctis-cloud-tech-info-security"
"vivekananda-global-university-online","MBA","hr-management","HR Management","","https://edifyedu.in/universities/vivekananda-global-university-online/mba/hr-management"
"vtu-online","MBA","finance","Finance","","https://edifyedu.in/universities/vtu-online/mba/finance"
"vtu-online","MBA","hr-management","HR Management","","https://edifyedu.in/universities/vtu-online/mba/hr-management"
"vtu-online","MBA","marketing","Marketing","","https://edifyedu.in/universities/vtu-online/mba/marketing"
"vtu-online","MCA","general-it-software-development","General IT Software Development","","https://edifyedu.in/universities/vtu-online/mca/general-it-software-development"
