url,university,programme,slug,title-cased-name-emitted
"/universities/amity-university-online/bba/business-analytics","amity-university-online","BBA","business-analytics","Business Analytics"
"/universities/amity-university-online/bba/general-business-administration-option-for-data-analytics-specialisation","amity-university-online","BBA","general-business-administration-option-for-data-analytics-specialisation","General Business Administration Option For Data Analytics Specialisation"
"/universities/amity-university-online/bca/cloud-security","amity-university-online","BCA","cloud-security","Cloud Security"
"/universities/amity-university-online/bca/computer-applications-financial-technology-ai-with-paytm","amity-university-online","BCA","computer-applications-financial-technology-ai-with-paytm","Computer Applications Financial Technology Ai With Paytm"
"/universities/amity-university-online/bca/data-analytics","amity-university-online","BCA","data-analytics","Data Analytics"
"/universities/amity-university-online/bca/data-engineering","amity-university-online","BCA","data-engineering","Data Engineering"
"/universities/amity-university-online/bca/data-science","amity-university-online","BCA","data-science","Data Science"
"/universities/amity-university-online/bca/software-engineering","amity-university-online","BCA","software-engineering","Software Engineering"
"/universities/amity-university-online/mba/digital-marketing","amity-university-online","MBA","digital-marketing","Digital Marketing"
"/universities/amity-university-online/mba/healthcare-management","amity-university-online","MBA","healthcare-management","Healthcare Management"
"/universities/amity-university-online/mba/hr-management","amity-university-online","MBA","hr-management","Hr Management"
"/universities/amity-university-online/mba/retail","amity-university-online","MBA","retail","Retail"
"/universities/amity-university-online/mca/artificial-intelligence-machine-learning","amity-university-online","MCA","artificial-intelligence-machine-learning","Artificial Intelligence Machine Learning"
"/universities/amrita-vishwa-vidyapeetham-online/bca/artificial-intelligence-data-science","amrita-vishwa-vidyapeetham-online","BCA","artificial-intelligence-data-science","Artificial Intelligence Data Science"
"/universities/amrita-vishwa-vidyapeetham-online/mba/esg","amrita-vishwa-vidyapeetham-online","MBA","esg","Esg"
"/universities/amrita-vishwa-vidyapeetham-online/mba/hr-management","amrita-vishwa-vidyapeetham-online","MBA","hr-management","Hr Management"
"/universities/amrita-vishwa-vidyapeetham-online/mba/operations","amrita-vishwa-vidyapeetham-online","MBA","operations","Operations"
"/universities/amrita-vishwa-vidyapeetham-online/mca/artificial-intelligence","amrita-vishwa-vidyapeetham-online","MCA","artificial-intelligence","Artificial Intelligence"
"/universities/amrita-vishwa-vidyapeetham-online/mca/artificial-intelligence-machine-learning","amrita-vishwa-vidyapeetham-online","MCA","artificial-intelligence-machine-learning","Artificial Intelligence Machine Learning"
"/universities/amrita-vishwa-vidyapeetham-online/mca/cyber-security","amrita-vishwa-vidyapeetham-online","MCA","cyber-security","Cyber Security"
"/universities/andhra-university-online/mba/hr-management","andhra-university-online","MBA","hr-management","Hr Management"
"/universities/assam-don-bosco-university-online/bba/human-resource-management","assam-don-bosco-university-online","BBA","human-resource-management","Human Resource Management"
"/universities/bharathidasan-university-online/mba/hr-management","bharathidasan-university-online","MBA","hr-management","Hr Management"
"/universities/bharathidasan-university-online/mba/operations","bharathidasan-university-online","MBA","operations","Operations"
"/universities/bharati-vidyapeeth-university-online/bba/event-management","bharati-vidyapeeth-university-online","BBA","event-management","Event Management"
"/universities/bharati-vidyapeeth-university-online/bba/finance","bharati-vidyapeeth-university-online","BBA","finance","Finance"
"/universities/bharati-vidyapeeth-university-online/bba/human-resource-management","bharati-vidyapeeth-university-online","BBA","human-resource-management","Human Resource Management"
"/universities/bharati-vidyapeeth-university-online/bba/it","bharati-vidyapeeth-university-online","BBA","it","It"
"/universities/bharati-vidyapeeth-university-online/bba/project-management","bharati-vidyapeeth-university-online","BBA","project-management","Project Management"
"/universities/bharati-vidyapeeth-university-online/mca/dot-net","bharati-vidyapeeth-university-online","MCA","dot-net","Dot Net"
"/universities/bs-abdur-rahman-university-online/mba/finance","bs-abdur-rahman-university-online","MBA","finance","Finance"
"/universities/chandigarh-university-online/bba/business-analytics","chandigarh-university-online","BBA","business-analytics","Business Analytics"
"/universities/chandigarh-university-online/mba/hr-management","chandigarh-university-online","MBA","hr-management","Hr Management"
"/universities/chandigarh-university-online/mba/it-management","chandigarh-university-online","MBA","it-management","It Management"
"/universities/chandigarh-university-online/mba/operations","chandigarh-university-online","MBA","operations","Operations"
"/universities/chandigarh-university-online/mba/retail","chandigarh-university-online","MBA","retail","Retail"
"/universities/chandigarh-university-online/mca/artificial-intelligence-machine-learning","chandigarh-university-online","MCA","artificial-intelligence-machine-learning","Artificial Intelligence Machine Learning"
"/universities/charusat-university-online/bba/human-resource-management","charusat-university-online","BBA","human-resource-management","Human Resource Management"
"/universities/charusat-university-online/mba/marketing","charusat-university-online","MBA","marketing","Marketing"
"/universities/chhatrapati-shahu-ji-maharaj-university-online/mba/general-contact-university-for-specialisations","chhatrapati-shahu-ji-maharaj-university-online","MBA","general-contact-university-for-specialisations","General Contact University For Specialisations"
"/universities/christ-university-online/mca/computer-science-and-it","christ-university-online","MCA","computer-science-and-it","Computer Science And It"
"/universities/datta-meghe-university-online/mba/it-systems","datta-meghe-university-online","MBA","it-systems","It Systems"
"/universities/dayalbagh-educational-institute-online/bba/management","dayalbagh-educational-institute-online","BBA","management","Management"
"/universities/dayananda-sagar-university-online/bba/supply-chain-management","dayananda-sagar-university-online","BBA","supply-chain-management","Supply Chain Management"
"/universities/dayananda-sagar-university-online/mca/artificial-intelligence","dayananda-sagar-university-online","MCA","artificial-intelligence","Artificial Intelligence"
"/universities/dayananda-sagar-university-online/mca/big-data-analytics","dayananda-sagar-university-online","MCA","big-data-analytics","Big Data Analytics"
"/universities/dayananda-sagar-university-online/mca/blockchain-technologies","dayananda-sagar-university-online","MCA","blockchain-technologies","Blockchain Technologies"
"/universities/dayananda-sagar-university-online/mca/business-data-analytics","dayananda-sagar-university-online","MCA","business-data-analytics","Business Data Analytics"
"/universities/dayananda-sagar-university-online/mca/business-intelligence-technology","dayananda-sagar-university-online","MCA","business-intelligence-technology","Business Intelligence Technology"
"/universities/dayananda-sagar-university-online/mca/cloud-computing-technologies","dayananda-sagar-university-online","MCA","cloud-computing-technologies","Cloud Computing Technologies"
"/universities/dayananda-sagar-university-online/mca/data-analytics-visualization","dayananda-sagar-university-online","MCA","data-analytics-visualization","Data Analytics Visualization"
"/universities/dayananda-sagar-university-online/mca/deep-learning","dayananda-sagar-university-online","MCA","deep-learning","Deep Learning"
"/universities/dayananda-sagar-university-online/mca/industrial-iot-automation","dayananda-sagar-university-online","MCA","industrial-iot-automation","Industrial Iot Automation"
"/universities/dayananda-sagar-university-online/mca/mobile-application-development","dayananda-sagar-university-online","MCA","mobile-application-development","Mobile Application Development"
"/universities/dayananda-sagar-university-online/mca/natural-language-processing","dayananda-sagar-university-online","MCA","natural-language-processing","Natural Language Processing"
"/universities/dayananda-sagar-university-online/mca/quantum-computing","dayananda-sagar-university-online","MCA","quantum-computing","Quantum Computing"
"/universities/dayananda-sagar-university-online/mca/quantum-machine-learning","dayananda-sagar-university-online","MCA","quantum-machine-learning","Quantum Machine Learning"
"/universities/dr-babasaheb-ambedkar-open-university-online/mba/hr-management","dr-babasaheb-ambedkar-open-university-online","MBA","hr-management","Hr Management"
"/universities/dy-patil-university-online/bba/human-resource-management","dy-patil-university-online","BBA","human-resource-management","Human Resource Management"
"/universities/dy-patil-university-online/bca/bca","dy-patil-university-online","BCA","bca","Bca"
"/universities/dy-patil-university-online/mba/data-science-abd-business-analytics","dy-patil-university-online","MBA","data-science-abd-business-analytics","Data Science Abd Business Analytics"
"/universities/dy-patil-university-online/mba/digital-mktg","dy-patil-university-online","MBA","digital-mktg","Digital Mktg"
"/universities/dy-patil-university-online/mba/entrepreneur","dy-patil-university-online","MBA","entrepreneur","Entrepreneur"
"/universities/dy-patil-university-online/mba/event-mgmt","dy-patil-university-online","MBA","event-mgmt","Event Mgmt"
"/universities/dy-patil-university-online/mba/healthcare","dy-patil-university-online","MBA","healthcare","Healthcare"
"/universities/dy-patil-university-online/mba/hr-management","dy-patil-university-online","MBA","hr-management","Hr Management"
"/universities/dy-patil-university-online/mba/intl-business","dy-patil-university-online","MBA","intl-business","Intl Business"
"/universities/dy-patil-university-online/mba/logistics-scm","dy-patil-university-online","MBA","logistics-scm","Logistics Scm"
"/universities/dy-patil-university-online/mba/retail","dy-patil-university-online","MBA","retail","Retail"
"/universities/dy-patil-university-online/mba/sales-mktg","dy-patil-university-online","MBA","sales-mktg","Sales Mktg"
"/universities/ganpat-university-online/bba/ib","ganpat-university-online","BBA","ib","Ib"
"/universities/ganpat-university-online/mba/hr-management","ganpat-university-online","MBA","hr-management","Hr Management"
"/universities/gla-university-online/mba/banking-financial-services","gla-university-online","MBA","banking-financial-services","Banking Financial Services"
"/universities/gla-university-online/mba/business-analytics","gla-university-online","MBA","business-analytics","Business Analytics"
"/universities/gls-university-online/bba/finance","gls-university-online","BBA","finance","Finance"
"/universities/gls-university-online/bba/human-resource-management","gls-university-online","BBA","human-resource-management","Human Resource Management"
"/universities/gls-university-online/bba/international-business","gls-university-online","BBA","international-business","International Business"
"/universities/gls-university-online/bba/marketing","gls-university-online","BBA","marketing","Marketing"
"/universities/gls-university-online/bba/public","gls-university-online","BBA","public","Public"
"/universities/gls-university-online/bca/artificial-intelligence-machine-learning","gls-university-online","BCA","artificial-intelligence-machine-learning","Artificial Intelligence Machine Learning"
"/universities/gls-university-online/bca/web-development","gls-university-online","BCA","web-development","Web Development"
"/universities/gls-university-online/mba/hr-management","gls-university-online","MBA","hr-management","Hr Management"
"/universities/guru-ghasidas-vishwavidyalaya-online/mba/hr-management","guru-ghasidas-vishwavidyalaya-online","MBA","hr-management","Hr Management"
"/universities/guru-ghasidas-vishwavidyalaya-online/mca/computer-science-and-information-technology","guru-ghasidas-vishwavidyalaya-online","MCA","computer-science-and-information-technology","Computer Science And Information Technology"
"/universities/guru-nanak-dev-university-online/mca/general-computer-applications","guru-nanak-dev-university-online","MCA","general-computer-applications","General Computer Applications"
"/universities/hindustan-institute-technology-online/mba/hospital-management","hindustan-institute-technology-online","MBA","hospital-management","Hospital Management"
"/universities/hindustan-institute-technology-online/mba/hr-management","hindustan-institute-technology-online","MBA","hr-management","Hr Management"
"/universities/hindustan-institute-technology-online/mba/logistics-and-supply-chain-management","hindustan-institute-technology-online","MBA","logistics-and-supply-chain-management","Logistics And Supply Chain Management"
"/universities/hindustan-institute-technology-online/mba/marketing","hindustan-institute-technology-online","MBA","marketing","Marketing"
"/universities/hindustan-institute-technology-online/mba/operations","hindustan-institute-technology-online","MBA","operations","Operations"
"/universities/jagannath-university-online/mba/hr-management","jagannath-university-online","MBA","hr-management","Hr Management"
"/universities/jagannath-university-online/mba/it-management","jagannath-university-online","MBA","it-management","It Management"
"/universities/jain-university-online/bba/data-science-analytics","jain-university-online","BBA","data-science-analytics","Data Science Analytics"
"/universities/jain-university-online/bca/data-science-analytics","jain-university-online","BCA","data-science-analytics","Data Science Analytics"
"/universities/jain-university-online/mba/hr-management","jain-university-online","MBA","hr-management","Hr Management"
"/universities/jain-university-online/mca/artificial-intelligence","jain-university-online","MCA","artificial-intelligence","Artificial Intelligence"
"/universities/jain-university-online/mca/computer-science-and-information-technology","jain-university-online","MCA","computer-science-and-information-technology","Computer Science And Information Technology"
"/universities/jain-university-online/mca/cyber-security","jain-university-online","MCA","cyber-security","Cyber Security"
"/universities/jain-university-online/mca/data-analytics","jain-university-online","MCA","data-analytics","Data Analytics"
"/universities/jain-university-online/mca/devops","jain-university-online","MCA","devops","Devops"
"/universities/jain-university-online/mca/natural-language-processing-large-language-models-development","jain-university-online","MCA","natural-language-processing-large-language-models-development","Natural Language Processing Large Language Models Development"
"/universities/jamia-millia-islamia-online/mba/finance","jamia-millia-islamia-online","MBA","finance","Finance"
"/universities/jamia-millia-islamia-online/mba/hr-management","jamia-millia-islamia-online","MBA","hr-management","Hr Management"
"/universities/jamia-millia-islamia-online/mba/marketing","jamia-millia-islamia-online","MBA","marketing","Marketing"
"/universities/jamia-millia-islamia-online/mba/operations","jamia-millia-islamia-online","MBA","operations","Operations"
"/universities/kalasalingam-university-online/mba/hr-management","kalasalingam-university-online","MBA","hr-management","Hr Management"
"/universities/karnataka-state-open-university-online/bba/supply-chain","karnataka-state-open-university-online","BBA","supply-chain","Supply Chain"
"/universities/karnataka-state-open-university-online/mba/human-resources","karnataka-state-open-university-online","MBA","human-resources","Human Resources"
"/universities/karnataka-state-open-university-online/mba/operations","karnataka-state-open-university-online","MBA","operations","Operations"
"/universities/karunya-university-online/mba/business-analytics","karunya-university-online","MBA","business-analytics","Business Analytics"
"/universities/karunya-university-online/mba/entrepreneurship","karunya-university-online","MBA","entrepreneurship","Entrepreneurship"
"/universities/karunya-university-online/mba/human-resources","karunya-university-online","MBA","human-resources","Human Resources"
"/universities/karunya-university-online/mba/logistics-and-supply-chain-management","karunya-university-online","MBA","logistics-and-supply-chain-management","Logistics And Supply Chain Management"
"/universities/karunya-university-online/mba/marketing","karunya-university-online","MBA","marketing","Marketing"
"/universities/kl-university-online/mba/hr-management","kl-university-online","MBA","hr-management","Hr Management"
"/universities/kl-university-online/mca/cloud-computing","kl-university-online","MCA","cloud-computing","Cloud Computing"
"/universities/kl-university-online/mca/cyber-security","kl-university-online","MCA","cyber-security","Cyber Security"
"/universities/lovely-professional-university-online/bba/banking-and-finance","lovely-professional-university-online","BBA","banking-and-finance","Banking And Finance"
"/universities/lovely-professional-university-online/bba/fin-tech","lovely-professional-university-online","BBA","fin-tech","Fin Tech"
"/universities/lovely-professional-university-online/bba/logistics-and-supply-chain-management","lovely-professional-university-online","BBA","logistics-and-supply-chain-management","Logistics And Supply Chain Management"
"/universities/lovely-professional-university-online/bba/retail-and-e-commerce","lovely-professional-university-online","BBA","retail-and-e-commerce","Retail And E Commerce"
"/universities/lovely-professional-university-online/bca/ai","lovely-professional-university-online","BCA","ai","Ai"
"/universities/lovely-professional-university-online/mba/hr-management","lovely-professional-university-online","MBA","hr-management","Hr Management"
"/universities/lovely-professional-university-online/mba/it-management","lovely-professional-university-online","MBA","it-management","It Management"
"/universities/lovely-professional-university-online/mba/operations","lovely-professional-university-online","MBA","operations","Operations"
"/universities/lovely-professional-university-online/mba/supply-chain-management","lovely-professional-university-online","MBA","supply-chain-management","Supply Chain Management"
"/universities/maharishi-markandeshwar-university-online/bba/banking","maharishi-markandeshwar-university-online","BBA","banking","Banking"
"/universities/maharishi-markandeshwar-university-online/mba/hr-management","maharishi-markandeshwar-university-online","MBA","hr-management","Hr Management"
"/universities/maharishi-markandeshwar-university-online/mba/marketing","maharishi-markandeshwar-university-online","MBA","marketing","Marketing"
"/universities/mahatma-gandhi-university-online/mba/hr-management","mahatma-gandhi-university-online","MBA","hr-management","Hr Management"
"/universities/mahatma-gandhi-university-online/mba/operations","mahatma-gandhi-university-online","MBA","operations","Operations"
"/universities/manav-rachna-online/bba/digital","manav-rachna-online","BBA","digital","Digital"
"/universities/manav-rachna-online/mba/hr-management","manav-rachna-online","MBA","hr-management","Hr Management"
"/universities/manav-rachna-online/mca/cyber-security","manav-rachna-online","MCA","cyber-security","Cyber Security"
"/universities/manipal-university-jaipur-online/mba/hr-management","manipal-university-jaipur-online","MBA","hr-management","Hr Management"
"/universities/manipal-university-jaipur-online/mba/operations","manipal-university-jaipur-online","MBA","operations","Operations"
"/universities/manipal-university-jaipur-online/mba/retail","manipal-university-jaipur-online","MBA","retail","Retail"
"/universities/manonmaniam-sundaranar-university-online/mba/finance","manonmaniam-sundaranar-university-online","MBA","finance","Finance"
"/universities/manonmaniam-sundaranar-university-online/mba/hr-management","manonmaniam-sundaranar-university-online","MBA","hr-management","Hr Management"
"/universities/manonmaniam-sundaranar-university-online/mba/marketing","manonmaniam-sundaranar-university-online","MBA","marketing","Marketing"
"/universities/marwadi-university-online/mba/hr-management","marwadi-university-online","MBA","hr-management","Hr Management"
"/universities/marwadi-university-online/mca/software-engineering","marwadi-university-online","MCA","software-engineering","Software Engineering"
"/universities/marwadi-university-online/mca/web-and-mobile","marwadi-university-online","MCA","web-and-mobile","Web And Mobile"
"/universities/mats-university-online/bba/general-management-contact-university-for-specialisation-structure","mats-university-online","BBA","general-management-contact-university-for-specialisation-structure","General Management Contact University For Specialisation Structure"
"/universities/mats-university-online/bca/general-computer-applications-contact-university-for-specialisation","mats-university-online","BCA","general-computer-applications-contact-university-for-specialisation","General Computer Applications Contact University For Specialisation"
"/universities/mats-university-online/mba/finance-marketing-human-resources-operations-strategy-contact-university-for-specialisation-structure","mats-university-online","MBA","finance-marketing-human-resources-operations-strategy-contact-university-for-specialisation-structure","Finance Marketing Human Resources Operations Strategy Contact University For Specialisation Structure"
"/universities/mizoram-university-online/mba/finance","mizoram-university-online","MBA","finance","Finance"
"/universities/mizoram-university-online/mba/marketing","mizoram-university-online","MBA","marketing","Marketing"
"/universities/mizoram-university-online/mba/supply-chain-management","mizoram-university-online","MBA","supply-chain-management","Supply Chain Management"
"/universities/mody-university-online/mca/artificial-intelligence-machine-learning","mody-university-online","MCA","artificial-intelligence-machine-learning","Artificial Intelligence Machine Learning"
"/universities/nmims-online/mba/hr-management","nmims-online","MBA","hr-management","Hr Management"
"/universities/nmims-online/mba/marketing","nmims-online","MBA","marketing","Marketing"
"/universities/noida-international-university-online/mca/ai-data-science","noida-international-university-online","MCA","ai-data-science","Ai Data Science"
"/universities/noida-international-university-online/mca/cyber-security","noida-international-university-online","MCA","cyber-security","Cyber Security"
"/universities/northcap-university-online/bba/finance","northcap-university-online","BBA","finance","Finance"
"/universities/northcap-university-online/bba/human-resource-management","northcap-university-online","BBA","human-resource-management","Human Resource Management"
"/universities/northcap-university-online/bba/marketing","northcap-university-online","BBA","marketing","Marketing"
"/universities/parul-university-online/bca/general-data-mining","parul-university-online","BCA","general-data-mining","General Data Mining"
"/universities/parul-university-online/bca/general-deep-learning","parul-university-online","BCA","general-deep-learning","General Deep Learning"
"/universities/parul-university-online/bca/general-machine-learning","parul-university-online","BCA","general-machine-learning","General Machine Learning"
"/universities/parul-university-online/bca/general-mobile-app-dev","parul-university-online","BCA","general-mobile-app-dev","General Mobile App Dev"
"/universities/pp-savani-university-online/mba/supply-chain-management","pp-savani-university-online","MBA","supply-chain-management","Supply Chain Management"
"/universities/sathyabama-university-online/mba/human-resources","sathyabama-university-online","MBA","human-resources","Human Resources"
"/universities/savitribai-phule-pune-university-online/bca/general","savitribai-phule-pune-university-online","BCA","general","General"
"/universities/savitribai-phule-pune-university-online/bca/general-android","savitribai-phule-pune-university-online","BCA","general-android","General Android"
"/universities/savitribai-phule-pune-university-online/bca/general-dbms","savitribai-phule-pune-university-online","BCA","general-dbms","General Dbms"
"/universities/savitribai-phule-pune-university-online/bca/general-dot-net","savitribai-phule-pune-university-online","BCA","general-dot-net","General Dot Net"
"/universities/savitribai-phule-pune-university-online/bca/general-java","savitribai-phule-pune-university-online","BCA","general-java","General Java"
"/universities/savitribai-phule-pune-university-online/bca/general-python","savitribai-phule-pune-university-online","BCA","general-python","General Python"
"/universities/savitribai-phule-pune-university-online/bca/general-software-testing","savitribai-phule-pune-university-online","BCA","general-software-testing","General Software Testing"
"/universities/savitribai-phule-pune-university-online/bca/general-web","savitribai-phule-pune-university-online","BCA","general-web","General Web"
"/universities/sgt-university-online/bba/analytics","sgt-university-online","BBA","analytics","Analytics"
"/universities/sgt-university-online/bba/finance","sgt-university-online","BBA","finance","Finance"
"/universities/sgt-university-online/bba/human-resources","sgt-university-online","BBA","human-resources","Human Resources"
"/universities/sgt-university-online/bba/marketing","sgt-university-online","BBA","marketing","Marketing"
"/universities/sgt-university-online/bca/artificial-intelligence-machine-learning","sgt-university-online","BCA","artificial-intelligence-machine-learning","Artificial Intelligence Machine Learning"
"/universities/sgt-university-online/bca/cloud-computing","sgt-university-online","BCA","cloud-computing","Cloud Computing"
"/universities/sgt-university-online/bca/cybersecurity","sgt-university-online","BCA","cybersecurity","Cybersecurity"
"/universities/sgt-university-online/mba/hr-management","sgt-university-online","MBA","hr-management","Hr Management"
"/universities/sharda-university-online/mca/ar","sharda-university-online","MCA","ar","Ar"
"/universities/sharda-university-online/mca/augmented-reality-and-virtual-reality-with-artificial-intelligence","sharda-university-online","MCA","augmented-reality-and-virtual-reality-with-artificial-intelligence","Augmented Reality And Virtual Reality With Artificial Intelligence"
"/universities/sharda-university-online/mca/computer-science-and-information-technology","sharda-university-online","MCA","computer-science-and-information-technology","Computer Science And Information Technology"
"/universities/sharda-university-online/mca/vr-and-information-security","sharda-university-online","MCA","vr-and-information-security","Vr And Information Security"
"/universities/shobhit-university-online/mba/finance","shobhit-university-online","MBA","finance","Finance"
"/universities/shobhit-university-online/mba/human","shobhit-university-online","MBA","human","Human"
"/universities/shobhit-university-online/mba/marketing","shobhit-university-online","MBA","marketing","Marketing"
"/universities/shobhit-university-online/mca/artificial-intelligence-machine-learning","shobhit-university-online","MCA","artificial-intelligence-machine-learning","Artificial Intelligence Machine Learning"
"/universities/shoolini-university-online/bba/bba","shoolini-university-online","BBA","bba","Bba"
"/universities/shoolini-university-online/bca/bca","shoolini-university-online","BCA","bca","Bca"
"/universities/shoolini-university-online/mba/banking-insurance","shoolini-university-online","MBA","banking-insurance","Banking Insurance"
"/universities/shoolini-university-online/mba/data-science-business-analytics","shoolini-university-online","MBA","data-science-business-analytics","Data Science Business Analytics"
"/universities/shoolini-university-online/mba/hr-management","shoolini-university-online","MBA","hr-management","Hr Management"
"/universities/shoolini-university-online/mba/marketing","shoolini-university-online","MBA","marketing","Marketing"
"/universities/shoolini-university-online/mba/operation-supply-chain-management","shoolini-university-online","MBA","operation-supply-chain-management","Operation Supply Chain Management"
"/universities/shoolini-university-online/mba/pharma-health-care-management","shoolini-university-online","MBA","pharma-health-care-management","Pharma Health Care Management"
"/universities/shoolini-university-online/mba/retail","shoolini-university-online","MBA","retail","Retail"
"/universities/shoolini-university-online/mca/ai-specialization","shoolini-university-online","MCA","ai-specialization","Ai Specialization"
"/universities/shoolini-university-online/mca/full-stack","shoolini-university-online","MCA","full-stack","Full Stack"
"/universities/subharti-university-online/mba/finance","subharti-university-online","MBA","finance","Finance"
"/universities/subharti-university-online/mba/hr-management","subharti-university-online","MBA","hr-management","Hr Management"
"/universities/subharti-university-online/mba/marketing","subharti-university-online","MBA","marketing","Marketing"
"/universities/teerthanker-mahaveer-university-online/mba/hr-management","teerthanker-mahaveer-university-online","MBA","hr-management","Hr Management"
"/universities/university-of-lucknow-online/mba/hr-management","university-of-lucknow-online","MBA","hr-management","Hr Management"
"/universities/university-of-madras-online/mba/hr-management","university-of-madras-online","MBA","hr-management","Hr Management"
"/universities/university-of-mysore-online/mba/data-science-and-business-analytics","university-of-mysore-online","MBA","data-science-and-business-analytics","Data Science And Business Analytics"
"/universities/university-of-mysore-online/mba/hr-management","university-of-mysore-online","MBA","hr-management","Hr Management"
"/universities/upes-online/bba/finance","upes-online","BBA","finance","Finance"
"/universities/upes-online/mba/hr-management","upes-online","MBA","hr-management","Hr Management"
"/universities/upes-online/mba/marketing","upes-online","MBA","marketing","Marketing"
"/universities/upes-online/mba/operations","upes-online","MBA","operations","Operations"
"/universities/upes-online/mba/supply-chain-management","upes-online","MBA","supply-chain-management","Supply Chain Management"
"/universities/upes-online/mca/cyber-security-and-forensics","upes-online","MCA","cyber-security-and-forensics","Cyber Security And Forensics"
"/universities/upes-online/mca/cyber-security-forensics","upes-online","MCA","cyber-security-forensics","Cyber Security Forensics"
"/universities/uttaranchal-university-online/bca/iot","uttaranchal-university-online","BCA","iot","Iot"
"/universities/vels-university-online/mba/hr-management","vels-university-online","MBA","hr-management","Hr Management"
"/universities/vels-university-online/mba/marketing","vels-university-online","MBA","marketing","Marketing"
"/universities/vels-university-online/mba/production-management","vels-university-online","MBA","production-management","Production Management"
"/universities/vels-university-online/mba/systems-management","vels-university-online","MBA","systems-management","Systems Management"
"/universities/vignan-university-online/mca/computer-science-and-it","vignan-university-online","MCA","computer-science-and-it","Computer Science And It"
"/universities/vignan-university-online/mca/computer-science-it","vignan-university-online","MCA","computer-science-it","Computer Science It"
"/universities/vit-university-online/mca/artificial-intelligence","vit-university-online","MCA","artificial-intelligence","Artificial Intelligence"
"/universities/vit-university-online/mca/big-data-analytics","vit-university-online","MCA","big-data-analytics","Big Data Analytics"
"/universities/vit-university-online/mca/blockchain-technologies","vit-university-online","MCA","blockchain-technologies","Blockchain Technologies"
"/universities/vit-university-online/mca/computer-architecture","vit-university-online","MCA","computer-architecture","Computer Architecture"
"/universities/vit-university-online/mca/cyber-forensics","vit-university-online","MCA","cyber-forensics","Cyber Forensics"
"/universities/vit-university-online/mca/cyber-security","vit-university-online","MCA","cyber-security","Cyber Security"
"/universities/vit-university-online/mca/data-mining-techniques","vit-university-online","MCA","data-mining-techniques","Data Mining Techniques"
"/universities/vit-university-online/mca/machine-learning","vit-university-online","MCA","machine-learning","Machine Learning"
"/universities/vit-university-online/mca/mobile-application-development","vit-university-online","MCA","mobile-application-development","Mobile Application Development"
"/universities/vit-university-online/mca/software-quality-assurance-and-reliability","vit-university-online","MCA","software-quality-assurance-and-reliability","Software Quality Assurance And Reliability"
"/universities/vit-university-online/mca/virtual-and-augmented-reality","vit-university-online","MCA","virtual-and-augmented-reality","Virtual And Augmented Reality"
"/universities/vivekananda-global-university-online/bba/fintech","vivekananda-global-university-online","BBA","fintech","Fintech"
"/universities/vivekananda-global-university-online/bca/ux-data-science-ctis-cloud-tech-info-security","vivekananda-global-university-online","BCA","ux-data-science-ctis-cloud-tech-info-security","Ux Data Science Ctis Cloud Tech Info Security"
"/universities/vivekananda-global-university-online/mba/hr-management","vivekananda-global-university-online","MBA","hr-management","Hr Management"
"/universities/vtu-online/mba/finance","vtu-online","MBA","finance","Finance"
"/universities/vtu-online/mba/hr-management","vtu-online","MBA","hr-management","Hr Management"
"/universities/vtu-online/mba/marketing","vtu-online","MBA","marketing","Marketing"
"/universities/vtu-online/mca/general-it-software-development","vtu-online","MCA","general-it-software-development","General It Software Development"
